Alaska,Aleutians East,Aleutians East Borough
Alaska,Aleutians West,Aleutians West Census Area
Alaska,Anchorage,Anchorage Municipality
Alaska,Bethel,Bethel Census Area
Alaska,Bristol Bay,Bristol Bay Borough
Alaska,Denali,Denali Borough
Alaska,Dillingham,Dillingham Census Area
Alaska,Fairbanks North Star,Fairbanks North Star Borough
Alaska,Haines,Haines Borough
Alaska,Hoonah-Angoon,Hoonah-Angoon Census Area
Alaska,Juneau,Juneau City and Borough
Alaska,Kenai Peninsula,Kenai Peninsula Borough
Alaska,Ketchikan Gateway,Ketchikan Gateway Borough
Alaska,Kodiak Island,Kodiak Island Borough
Alaska,Lake and Peninsula,Lake and Peninsula Borough
Alaska,Matanuska Susitna,Matanuska-Susitna Borough
Alaska,Nome,Nome Census Area
Alaska,North Slope,North Slope Borough
Alaska,Northwest Arctic,Northwest Arctic Borough
Alaska,Petersburg,Petersburg Census Area
Alaska,Prince of Wales-Hyder,Prince of Wales-Hyder Census Area
Alaska,Sitka,Sitka City and Borough
Alaska,Skagway,Skagway Municipality
Alaska,Southeast Fairbanks,Southeast Fairbanks Census Area
Alaska,Valdez Cordova,Valdez-Cordova Census Area
Alaska,Wade Hampton,Wade Hampton Census Area
Alaska,Wrangell,Wrangell City and Borough
Alaska,Yakutat,Yakutat City and Borough
Alaska,Yukon Koyukuk,Yukon-Koyukuk Census Area
Alaska,Prince Wales Ketchikan,Prince of Wales-Outer-Ketichikan Census Area
Alaska,Skagway Hoonah Angoon,Skagway-Hoonah-Angoon Census Area
Alabama,Autauga,Autauga
Alabama,Baldwin,Baldwin
Alabama,Barbour,Barbour
Alabama,Bibb,Bibb
Alabama,Blount,Blount
Alabama,Bullock,Bullock
Alabama,Butler,Butler
Alabama,Calhoun,Calhoun
Alabama,Chambers,Chambers
Alabama,Cherokee,Cherokee
Alabama,Chilton,Chilton
Alabama,Choctaw,Choctaw
Alabama,Clarke,Clarke
Alabama,Clay,Clay
Alabama,Cleburne,Cleburne
Alabama,Coffee,Coffee
Alabama,Colbert,Colbert
Alabama,Conecuh,Conecuh
Alabama,Coosa,Coosa
Alabama,Covington,Covington
Alabama,Crenshaw,Crenshaw
Alabama,Cullman,Cullman
Alabama,Dale,Dale
Alabama,Dallas,Dallas
Alabama,De Kalb,DeKalb
Alabama,Elmore,Elmore
Alabama,Escambia,Escambia
Alabama,Etowah,Etowah
Alabama,Fayette,Fayette
Alabama,Franklin,Franklin
Alabama,Geneva,Geneva
Alabama,Greene,Greene
Alabama,Hale,Hale
Alabama,Henry,Henry
Alabama,Houston,Houston
Alabama,Jackson,Jackson
Alabama,Jefferson,Jefferson
Alabama,Lamar,Lamar
Alabama,Lauderdale,Lauderdale
Alabama,Lawrence,Lawrence
Alabama,Lee,Lee
Alabama,Limestone,Limestone
Alabama,Lowndes,Lowndes
Alabama,Macon,Macon
Alabama,Madison,Madison
Alabama,Marengo,Marengo
Alabama,Marion,Marion
Alabama,Marshall,Marshall
Alabama,Mobile,Mobile
Alabama,Monroe,Monroe
Alabama,Montgomery,Montgomery
Alabama,Morgan,Morgan
Alabama,Perry,Perry
Alabama,Pickens,Pickens
Alabama,Pike,Pike
Alabama,Randolph,Randolph
Alabama,Russell,Russell
Alabama,Saint Clair,St. Clair
Alabama,Shelby,Shelby
Alabama,Sumter,Sumter
Alabama,Talladega,Talladega
Alabama,Tallapoosa,Tallapoosa
Alabama,Tuscaloosa,Tuscaloosa
Alabama,Walker,Walker
Alabama,Washington,Washington
Alabama,Wilcox,Wilcox
Alabama,Winston,Winston
Arkansas,Arkansas,Arkansas
Arkansas,Ashley,Ashley
Arkansas,Baxter,Baxter
Arkansas,Benton,Benton
Arkansas,Boone,Boone
Arkansas,Bradley,Bradley
Arkansas,Calhoun,Calhoun
Arkansas,Carroll,Carroll
Arkansas,Chicot,Chicot
Arkansas,Clark,Clark
Arkansas,Clay,Clay
Arkansas,Cleburne,Cleburne
Arkansas,Cleveland,Cleveland
Arkansas,Columbia,Columbia
Arkansas,Conway,Conway
Arkansas,Craighead,Craighead
Arkansas,Crawford,Crawford
Arkansas,Crittenden,Crittenden
Arkansas,Cross,Cross
Arkansas,Dallas,Dallas
Arkansas,Desha,Desha
Arkansas,Drew,Drew
Arkansas,Faulkner,Faulkner
Arkansas,Franklin,Franklin
Arkansas,Fulton,Fulton
Arkansas,Garland,Garland
Arkansas,Grant,Grant
Arkansas,Greene,Greene
Arkansas,Hempstead,Hempstead
Arkansas,Hot Spring,Hot Spring
Arkansas,Howard,Howard
Arkansas,Independence,Independence
Arkansas,Izard,Izard
Arkansas,Jackson,Jackson
Arkansas,Jefferson,Jefferson
Arkansas,Johnson,Johnson
Arkansas,Lafayette,Lafayette
Arkansas,Lawrence,Lawrence
Arkansas,Lee,Lee
Arkansas,Lincoln,Lincoln
Arkansas,Little River,Little River
Arkansas,Logan,Logan
Arkansas,Lonoke,Lonoke
Arkansas,Madison,Madison
Arkansas,Marion,Marion
Arkansas,Miller,Miller
Arkansas,Mississippi,Mississippi
Arkansas,Monroe,Monroe
Arkansas,Montgomery,Montgomery
Arkansas,Nevada,Nevada
Arkansas,Newton,Newton
Arkansas,Ouachita,Ouachita
Arkansas,Perry,Perry
Arkansas,Phillips,Phillips
Arkansas,Pike,Pike
Arkansas,Poinsett,Poinsett
Arkansas,Polk,Polk
Arkansas,Pope,Pope
Arkansas,Prairie,Prairie
Arkansas,Pulaski,Pulaski
Arkansas,Randolph,Randolph
Arkansas,Saint Francis,St. Francis
Arkansas,Saline,Saline
Arkansas,Scott,Scott
Arkansas,Searcy,Searcy
Arkansas,Sebastian,Sebastian
Arkansas,Sevier,Sevier
Arkansas,Sharp,Sharp
Arkansas,Stone,Stone
Arkansas,Union,Union
Arkansas,Van Buren,Van Buren
Arkansas,Washington,Washington
Arkansas,White,White
Arkansas,Woodruff,Woodruff
Arkansas,Yell,Yell
Arizona,Apache,Apache
Arizona,Cochise,Cochise
Arizona,Coconino,Coconino
Arizona,Gila,Gila
Arizona,Graham,Graham
Arizona,Greenlee,Greenlee
Arizona,La Paz,La Paz
Arizona,Maricopa,Maricopa
Arizona,Mohave,Mohave
Arizona,Navajo,Navajo
Arizona,Pima,Pima
Arizona,Pinal,Pinal
Arizona,Santa Cruz,Santa Cruz
Arizona,Yavapai,Yavapai
Arizona,Yuma,Yuma
California,Alameda,Alameda
California,Alpine,Alpine
California,Amador,Amador
California,Butte,Butte
California,Calaveras,Calaveras
California,Colusa,Colusa
California,Contra Costa,Contra Costa
California,Del Norte,Del Norte
California,El Dorado,El Dorado
California,Fresno,Fresno
California,Glenn,Glenn
California,Humboldt,Humboldt
California,Imperial,Imperial
California,Inyo,Inyo
California,Kern,Kern
California,Kings,Kings
California,Lake,Lake
California,Lassen,Lassen
California,Los Angeles,Los Angeles
California,Madera,Madera
California,Marin,Marin
California,Mariposa,Mariposa
California,Mendocino,Mendocino
California,Merced,Merced
California,Modoc,Modoc
California,Mono,Mono
California,Monterey,Monterey
California,Napa,Napa
California,Nevada,Nevada
California,Orange,Orange
California,Placer,Placer
California,Plumas,Plumas
California,Riverside,Riverside
California,Sacramento,Sacramento
California,San Benito,San Benito
California,San Bernardino,San Bernardino
California,San Diego,San Diego
California,San Francisco,San Francisco
California,San Joaquin,San Joaquin
California,San Luis Obispo,San Luis Obispo
California,San Mateo,San Mateo
California,Santa Barbara,Santa Barbara
California,Santa Clara,Santa Clara
California,Santa Cruz,Santa Cruz
California,Shasta,Shasta
California,Sierra,Sierra
California,Siskiyou,Siskiyou
California,Solano,Solano
California,Sonoma,Sonoma
California,Stanislaus,Stanislaus
California,Sutter,Sutter
California,Tehama,Tehama
California,Trinity,Trinity
California,Tulare,Tulare
California,Tuolumne,Tuolumne
California,Ventura,Ventura
California,Yolo,Yolo
California,Yuba,Yuba
Colorado,Adams,Adams
Colorado,Alamosa,Alamosa
Colorado,Arapahoe,Arapahoe
Colorado,Archuleta,Archuleta
Colorado,Baca,Baca
Colorado,Bent,Bent
Colorado,Boulder,Boulder
Colorado,Broomfield,Broomfield
Colorado,Chaffee,Chaffee
Colorado,Cheyenne,Cheyenne
Colorado,Clear Creek,Clear Creek
Colorado,Conejos,Conejos
Colorado,Costilla,Costilla
Colorado,Crowley,Crowley
Colorado,Custer,Custer
Colorado,Delta,Delta
Colorado,Denver,Denver
Colorado,Dolores,Dolores
Colorado,Douglas,Douglas
Colorado,Eagle,Eagle
Colorado,El Paso,El Paso
Colorado,Elbert,Elbert
Colorado,Fremont,Fremont
Colorado,Garfield,Garfield
Colorado,Gilpin,Gilpin
Colorado,Grand,Grand
Colorado,Gunnison,Gunnison
Colorado,Hinsdale,Hinsdale
Colorado,Huerfano,Huerfano
Colorado,Jackson,Jackson
Colorado,Jefferson,Jefferson
Colorado,Kiowa,Kiowa
Colorado,Kit Carson,Kit Carson
Colorado,La Plata,La Plata
Colorado,Lake,Lake
Colorado,Larimer,Larimer
Colorado,Las Animas,Las Animas
Colorado,Lincoln,Lincoln
Colorado,Logan,Logan
Colorado,Mesa,Mesa
Colorado,Mineral,Mineral
Colorado,Moffat,Moffat
Colorado,Montezuma,Montezuma
Colorado,Montrose,Montrose
Colorado,Morgan,Morgan
Colorado,Otero,Otero
Colorado,Ouray,Ouray
Colorado,Park,Park
Colorado,Phillips,Phillips
Colorado,Pitkin,Pitkin
Colorado,Prowers,Prowers
Colorado,Pueblo,Pueblo
Colorado,Rio Blanco,Rio Blanco
Colorado,Rio Grande,Rio Grande
Colorado,Routt,Routt
Colorado,Saguache,Saguache
Colorado,San Juan,San Juan
Colorado,San Miguel,San Miguel
Colorado,Sedgwick,Sedgwick
Colorado,Summit,Summit
Colorado,Teller,Teller
Colorado,Washington,Washington
Colorado,Weld,Weld
Colorado,Yuma,Yuma
Connecticut,Fairfield,Fairfield
Connecticut,Hartford,Hartford
Connecticut,Litchfield,Litchfield
Connecticut,Middlesex,Middlesex
Connecticut,New Haven,New Haven
Connecticut,New London,New London
Connecticut,Tolland,Tolland
Connecticut,Windham,Windham
Delaware,Kent,Kent
Delaware,New Castle,New Castle
Delaware,Sussex,Sussex
Florida,Alachua,Alachua
Florida,Baker,Baker
Florida,Bay,Bay
Florida,Bradford,Bradford
Florida,Brevard,Brevard
Florida,Broward,Broward
Florida,Calhoun,Calhoun
Florida,Charlotte,Charlotte
Florida,Citrus,Citrus
Florida,Clay,Clay
Florida,Collier,Collier
Florida,Columbia,Columbia
Florida,De Soto,DeSoto
Florida,Dixie,Dixie
Florida,Duval,Duval
Florida,Escambia,Escambia
Florida,Flagler,Flagler
Florida,Franklin,Franklin
Florida,Gadsden,Gadsden
Florida,Gilchrist,Gilchrist
Florida,Glades,Glades
Florida,Gulf,Gulf
Florida,Hamilton,Hamilton
Florida,Hardee,Hardee
Florida,Hendry,Hendry
Florida,Hernando,Hernando
Florida,Highlands,Highlands
Florida,Hillsborough,Hillsborough
Florida,Holmes,Holmes
Florida,Indian River,Indian River
Florida,Jackson,Jackson
Florida,Jefferson,Jefferson
Florida,Lafayette,Lafayette
Florida,Lake,Lake
Florida,Lee,Lee
Florida,Leon,Leon
Florida,Levy,Levy
Florida,Liberty,Liberty
Florida,Madison,Madison
Florida,Manatee,Manatee
Florida,Marion,Marion
Florida,Martin,Martin
Florida,Miami-Dade,Miami-Dade
Florida,Monroe,Monroe
Florida,Nassau,Nassau
Florida,Okaloosa,Okaloosa
Florida,Okeechobee,Okeechobee
Florida,Orange,Orange
Florida,Osceola,Osceola
Florida,Palm Beach,Palm Beach
Florida,Pasco,Pasco
Florida,Pinellas,Pinellas
Florida,Polk,Polk
Florida,Putnam,Putnam
Florida,Saint Johns,St. Johns
Florida,Saint Lucie,St. Lucie
Florida,Santa Rosa,Santa Rosa
Florida,Sarasota,Sarasota
Florida,Seminole,Seminole
Florida,Sumter,Sumter
Florida,Suwannee,Suwannee
Florida,Taylor,Taylor
Florida,Union,Union
Florida,Volusia,Volusia
Florida,Wakulla,Wakulla
Florida,Walton,Walton
Florida,Washington,Washington
Georgia,Appling,Appling
Georgia,Atkinson,Atkinson
Georgia,Bacon,Bacon
Georgia,Baker,Baker
Georgia,Baldwin,Baldwin
Georgia,Banks,Banks
Georgia,Barrow,Barrow
Georgia,Bartow,Bartow
Georgia,Ben Hill,Ben Hill
Georgia,Berrien,Berrien
Georgia,Bibb,Bibb
Georgia,Bleckley,Bleckley
Georgia,Brantley,Brantley
Georgia,Brooks,Brooks
Georgia,Bryan,Bryan
Georgia,Bulloch,Bulloch
Georgia,Burke,Burke
Georgia,Butts,Butts
Georgia,Calhoun,Calhoun
Georgia,Camden,Camden
Georgia,Candler,Candler
Georgia,Carroll,Carroll
Georgia,Catoosa,Catoosa
Georgia,Charlton,Charlton
Georgia,Chatham,Chatham
Georgia,Chattahoochee,Chattahoochee
Georgia,Chattooga,Chattooga
Georgia,Cherokee,Cherokee
Georgia,Clarke,Clarke
Georgia,Clay,Clay
Georgia,Clayton,Clayton
Georgia,Clinch,Clinch
Georgia,Cobb,Cobb
Georgia,Coffee,Coffee
Georgia,Colquitt,Colquitt
Georgia,Columbia,Columbia
Georgia,Cook,Cook
Georgia,Coweta,Coweta
Georgia,Crawford,Crawford
Georgia,Crisp,Crisp
Georgia,Dade,Dade
Georgia,Dawson,Dawson
Georgia,Decatur,Decatur
Georgia,Dekalb,DeKalb
Georgia,Dodge,Dodge
Georgia,Dooly,Dooly
Georgia,Dougherty,Dougherty
Georgia,Douglas,Douglas
Georgia,Early,Early
Georgia,Echols,Echols
Georgia,Effingham,Effingham
Georgia,Elbert,Elbert
Georgia,Emanuel,Emanuel
Georgia,Evans,Evans
Georgia,Fannin,Fannin
Georgia,Fayette,Fayette
Georgia,Floyd,Floyd
Georgia,Forsyth,Forsyth
Georgia,Franklin,Franklin
Georgia,Fulton,Fulton
Georgia,Gilmer,Gilmer
Georgia,Glascock,Glascock
Georgia,Glynn,Glynn
Georgia,Gordon,Gordon
Georgia,Grady,Grady
Georgia,Greene,Greene
Georgia,Gwinnett,Gwinnett
Georgia,Habersham,Habersham
Georgia,Hall,Hall
Georgia,Hancock,Hancock
Georgia,Haralson,Haralson
Georgia,Harris,Harris
Georgia,Hart,Hart
Georgia,Heard,Heard
Georgia,Henry,Henry
Georgia,Houston,Houston
Georgia,Irwin,Irwin
Georgia,Jackson,Jackson
Georgia,Jasper,Jasper
Georgia,Jeff Davis,Jeff Davis
Georgia,Jefferson,Jefferson
Georgia,Jenkins,Jenkins
Georgia,Johnson,Johnson
Georgia,Jones,Jones
Georgia,Lamar,Lamar
Georgia,Lanier,Lanier
Georgia,Laurens,Laurens
Georgia,Lee,Lee
Georgia,Liberty,Liberty
Georgia,Lincoln,Lincoln
Georgia,Long,Long
Georgia,Lowndes,Lowndes
Georgia,Lumpkin,Lumpkin
Georgia,Macon,Macon
Georgia,Madison,Madison
Georgia,Marion,Marion
Georgia,McDuffie,McDuffie
Georgia,McIntosh,McIntosh
Georgia,Meriwether,Meriwether
Georgia,Miller,Miller
Georgia,Mitchell,Mitchell
Georgia,Monroe,Monroe
Georgia,Montgomery,Montgomery
Georgia,Morgan,Morgan
Georgia,Murray,Murray
Georgia,Muscogee,Muscogee
Georgia,Newton,Newton
Georgia,Oconee,Oconee
Georgia,Oglethorpe,Oglethorpe
Georgia,Paulding,Paulding
Georgia,Peach,Peach
Georgia,Pickens,Pickens
Georgia,Pierce,Pierce
Georgia,Pike,Pike
Georgia,Polk,Polk
Georgia,Pulaski,Pulaski
Georgia,Putnam,Putnam
Georgia,Quitman,Quitman
Georgia,Rabun,Rabun
Georgia,Randolph,Randolph
Georgia,Richmond,Richmond
Georgia,Rockdale,Rockdale
Georgia,Schley,Schley
Georgia,Screven,Screven
Georgia,Seminole,Seminole
Georgia,Spalding,Spalding
Georgia,Stephens,Stephens
Georgia,Stewart,Stewart
Georgia,Sumter,Sumter
Georgia,Talbot,Talbot
Georgia,Taliaferro,Taliaferro
Georgia,Tattnall,Tattnall
Georgia,Taylor,Taylor
Georgia,Telfair,Telfair
Georgia,Terrell,Terrell
Georgia,Thomas,Thomas
Georgia,Tift,Tift
Georgia,Toombs,Toombs
Georgia,Towns,Towns
Georgia,Treutlen,Treutlen
Georgia,Troup,Troup
Georgia,Turner,Turner
Georgia,Twiggs,Twiggs
Georgia,Union,Union
Georgia,Upson,Upson
Georgia,Walker,Walker
Georgia,Walton,Walton
Georgia,Ware,Ware
Georgia,Warren,Warren
Georgia,Washington,Washington
Georgia,Wayne,Wayne
Georgia,Webster,Webster
Georgia,Wheeler,Wheeler
Georgia,White,White
Georgia,Whitfield,Whitfield
Georgia,Wilcox,Wilcox
Georgia,Wilkes,Wilkes
Georgia,Wilkinson,Wilkinson
Georgia,Worth,Worth
Hawaii,Hawaii,Hawaii
Hawaii,Honolulu,Honolulu
Hawaii,Kalawao,Kalawao
Hawaii,Kauai,Kauai
Hawaii,Maui,Maui
Iowa,Adair,Adair
Iowa,Adams,Adams
Iowa,Allamakee,Allamakee
Iowa,Appanoose,Appanoose
Iowa,Audubon,Audubon
Iowa,Benton,Benton
Iowa,Black Hawk,Black Hawk
Iowa,Boone,Boone
Iowa,Bremer,Bremer
Iowa,Buchanan,Buchanan
Iowa,Buena Vista,Buena Vista
Iowa,Butler,Butler
Iowa,Calhoun,Calhoun
Iowa,Carroll,Carroll
Iowa,Cass,Cass
Iowa,Cedar,Cedar
Iowa,Cerro Gordo,Cerro Gordo
Iowa,Cherokee,Cherokee
Iowa,Chickasaw,Chickasaw
Iowa,Clarke,Clarke
Iowa,Clay,Clay
Iowa,Clayton,Clayton
Iowa,Clinton,Clinton
Iowa,Crawford,Crawford
Iowa,Dallas,Dallas
Iowa,Davis,Davis
Iowa,Decatur,Decatur
Iowa,Delaware,Delaware
Iowa,Des Moines,Des Moines
Iowa,Dickinson,Dickinson
Iowa,Dubuque,Dubuque
Iowa,Emmet,Emmet
Iowa,Fayette,Fayette
Iowa,Floyd,Floyd
Iowa,Franklin,Franklin
Iowa,Fremont,Fremont
Iowa,Greene,Greene
Iowa,Grundy,Grundy
Iowa,Guthrie,Guthrie
Iowa,Hamilton,Hamilton
Iowa,Hancock,Hancock
Iowa,Hardin,Hardin
Iowa,Harrison,Harrison
Iowa,Henry,Henry
Iowa,Howard,Howard
Iowa,Humboldt,Humboldt
Iowa,Ida,Ida
Iowa,Iowa,Iowa
Iowa,Jackson,Jackson
Iowa,Jasper,Jasper
Iowa,Jefferson,Jefferson
Iowa,Johnson,Johnson
Iowa,Jones,Jones
Iowa,Keokuk,Keokuk
Iowa,Kossuth,Kossuth
Iowa,Lee,Lee
Iowa,Linn,Linn
Iowa,Louisa,Louisa
Iowa,Lucas,Lucas
Iowa,Lyon,Lyon
Iowa,Madison,Madison
Iowa,Mahaska,Mahaska
Iowa,Marion,Marion
Iowa,Marshall,Marshall
Iowa,Mills,Mills
Iowa,Mitchell,Mitchell
Iowa,Monona,Monona
Iowa,Monroe,Monroe
Iowa,Montgomery,Montgomery
Iowa,Muscatine,Muscatine
Iowa,Obrien,O'Brien
Iowa,Osceola,Osceola
Iowa,Page,Page
Iowa,Palo Alto,Palo Alto
Iowa,Plymouth,Plymouth
Iowa,Pocahontas,Pocahontas
Iowa,Polk,Polk
Iowa,Pottawattamie,Pottawattamie
Iowa,Poweshiek,Poweshiek
Iowa,Ringgold,Ringgold
Iowa,Sac,Sac
Iowa,Scott,Scott
Iowa,Shelby,Shelby
Iowa,Sioux,Sioux
Iowa,Story,Story
Iowa,Tama,Tama
Iowa,Taylor,Taylor
Iowa,Union,Union
Iowa,Van Buren,Van Buren
Iowa,Wapello,Wapello
Iowa,Warren,Warren
Iowa,Washington,Washington
Iowa,Wayne,Wayne
Iowa,Webster,Webster
Iowa,Winnebago,Winnebago
Iowa,Winneshiek,Winneshiek
Iowa,Woodbury,Woodbury
Iowa,Worth,Worth
Iowa,Wright,Wright
Idaho,Ada,Ada
Idaho,Adams,Adams
Idaho,Bannock,Bannock
Idaho,Bear Lake,Bear Lake
Idaho,Benewah,Benewah
Idaho,Bingham,Bingham
Idaho,Blaine,Blaine
Idaho,Boise,Boise
Idaho,Bonner,Bonner
Idaho,Bonneville,Bonneville
Idaho,Boundary,Boundary
Idaho,Butte,Butte
Idaho,Camas,Camas
Idaho,Canyon,Canyon
Idaho,Caribou,Caribou
Idaho,Cassia,Cassia
Idaho,Clark,Clark
Idaho,Clearwater,Clearwater
Idaho,Custer,Custer
Idaho,Elmore,Elmore
Idaho,Franklin,Franklin
Idaho,Fremont,Fremont
Idaho,Gem,Gem
Idaho,Gooding,Gooding
Idaho,Idaho,Idaho
Idaho,Jefferson,Jefferson
Idaho,Jerome,Jerome
Idaho,Kootenai,Kootenai
Idaho,Latah,Latah
Idaho,Lemhi,Lemhi
Idaho,Lewis,Lewis
Idaho,Lincoln,Lincoln
Idaho,Madison,Madison
Idaho,Minidoka,Minidoka
Idaho,Nez Perce,Nez Perce
Idaho,Oneida,Oneida
Idaho,Owyhee,Owyhee
Idaho,Payette,Payette
Idaho,Power,Power
Idaho,Shoshone,Shoshone
Idaho,Teton,Teton
Idaho,Twin Falls,Twin Falls
Idaho,Valley,Valley
Idaho,Washington,Washington
Illinois,Adams,Adams
Illinois,Alexander,Alexander
Illinois,Bond,Bond
Illinois,Boone,Boone
Illinois,Brown,Brown
Illinois,Bureau,Bureau
Illinois,Calhoun,Calhoun
Illinois,Carroll,Carroll
Illinois,Cass,Cass
Illinois,Champaign,Champaign
Illinois,Christian,Christian
Illinois,Clark,Clark
Illinois,Clay,Clay
Illinois,Clinton,Clinton
Illinois,Coles,Coles
Illinois,Cook,Cook
Illinois,Crawford,Crawford
Illinois,Cumberland,Cumberland
Illinois,De Kalb,DeKalb
Illinois,Dewitt,DeWitt
Illinois,Douglas,Douglas
Illinois,Du Page,DuPage
Illinois,Edgar,Edgar
Illinois,Edwards,Edwards
Illinois,Effingham,Effingham
Illinois,Fayette,Fayette
Illinois,Ford,Ford
Illinois,Franklin,Franklin
Illinois,Fulton,Fulton
Illinois,Gallatin,Gallatin
Illinois,Greene,Greene
Illinois,Grundy,Grundy
Illinois,Hamilton,Hamilton
Illinois,Hancock,Hancock
Illinois,Hardin,Hardin
Illinois,Henderson,Henderson
Illinois,Henry,Henry
Illinois,Iroquois,Iroquois
Illinois,Jackson,Jackson
Illinois,Jasper,Jasper
Illinois,Jefferson,Jefferson
Illinois,Jersey,Jersey
Illinois,Jo Daviess,Jo Daviess
Illinois,Johnson,Johnson
Illinois,Kane,Kane
Illinois,Kankakee,Kankakee
Illinois,Kendall,Kendall
Illinois,Knox,Knox
Illinois,La Salle,LaSalle
Illinois,Lake,Lake
Illinois,Lawrence,Lawrence
Illinois,Lee,Lee
Illinois,Livingston,Livingston
Illinois,Logan,Logan
Illinois,Macon,Macon
Illinois,Macoupin,Macoupin
Illinois,Madison,Madison
Illinois,Marion,Marion
Illinois,Marshall,Marshall
Illinois,Mason,Mason
Illinois,Massac,Massac
Illinois,McDonough,McDonough
Illinois,McHenry,McHenry
Illinois,McLean,McLean
Illinois,Menard,Menard
Illinois,Mercer,Mercer
Illinois,Monroe,Monroe
Illinois,Montgomery,Montgomery
Illinois,Morgan,Morgan
Illinois,Moultrie,Moultrie
Illinois,Ogle,Ogle
Illinois,Peoria,Peoria
Illinois,Perry,Perry
Illinois,Piatt,Piatt
Illinois,Pike,Pike
Illinois,Pope,Pope
Illinois,Pulaski,Pulaski
Illinois,Putnam,Putnam
Illinois,Randolph,Randolph
Illinois,Richland,Richland
Illinois,Rock Island,Rock Island
Illinois,Saint Clair,St. Clair
Illinois,Saline,Saline
Illinois,Sangamon,Sangamon
Illinois,Schuyler,Schuyler
Illinois,Scott,Scott
Illinois,Shelby,Shelby
Illinois,Stark,Stark
Illinois,Stephenson,Stephenson
Illinois,Tazewell,Tazewell
Illinois,Union,Union
Illinois,Vermilion,Vermilion
Illinois,Wabash,Wabash
Illinois,Warren,Warren
Illinois,Washington,Washington
Illinois,Wayne,Wayne
Illinois,White,White
Illinois,Whiteside,Whiteside
Illinois,Will,Will
Illinois,Williamson,Williamson
Illinois,Winnebago,Winnebago
Illinois,Woodford,Woodford
Indiana,Adams,Adams
Indiana,Allen,Allen
Indiana,Bartholomew,Bartholomew
Indiana,Benton,Benton
Indiana,Blackford,Blackford
Indiana,Boone,Boone
Indiana,Brown,Brown
Indiana,Carroll,Carroll
Indiana,Cass,Cass
Indiana,Clark,Clark
Indiana,Clay,Clay
Indiana,Clinton,Clinton
Indiana,Crawford,Crawford
Indiana,Daviess,Daviess
Indiana,De Kalb,DeKalb
Indiana,Dearborn,Dearborn
Indiana,Decatur,Decatur
Indiana,Delaware,Delaware
Indiana,Dubois,Dubois
Indiana,Elkhart,Elkhart
Indiana,Fayette,Fayette
Indiana,Floyd,Floyd
Indiana,Fountain,Fountain
Indiana,Franklin,Franklin
Indiana,Fulton,Fulton
Indiana,Gibson,Gibson
Indiana,Grant,Grant
Indiana,Greene,Greene
Indiana,Hamilton,Hamilton
Indiana,Hancock,Hancock
Indiana,Harrison,Harrison
Indiana,Hendricks,Hendricks
Indiana,Henry,Henry
Indiana,Howard,Howard
Indiana,Huntington,Huntington
Indiana,Jackson,Jackson
Indiana,Jasper,Jasper
Indiana,Jay,Jay
Indiana,Jefferson,Jefferson
Indiana,Jennings,Jennings
Indiana,Johnson,Johnson
Indiana,Knox,Knox
Indiana,Kosciusko,Kosciusko
Indiana,La Porte,LaPorte
Indiana,Lagrange,LaGrange
Indiana,Lake,Lake
Indiana,Lawrence,Lawrence
Indiana,Madison,Madison
Indiana,Marion,Marion
Indiana,Marshall,Marshall
Indiana,Martin,Martin
Indiana,Miami,Miami
Indiana,Monroe,Monroe
Indiana,Montgomery,Montgomery
Indiana,Morgan,Morgan
Indiana,Newton,Newton
Indiana,Noble,Noble
Indiana,Ohio,Ohio
Indiana,Orange,Orange
Indiana,Owen,Owen
Indiana,Parke,Parke
Indiana,Perry,Perry
Indiana,Pike,Pike
Indiana,Porter,Porter
Indiana,Posey,Posey
Indiana,Pulaski,Pulaski
Indiana,Putnam,Putnam
Indiana,Randolph,Randolph
Indiana,Ripley,Ripley
Indiana,Rush,Rush
Indiana,Scott,Scott
Indiana,Shelby,Shelby
Indiana,Spencer,Spencer
Indiana,St Joseph,St. Joseph
Indiana,Starke,Starke
Indiana,Steuben,Steuben
Indiana,Sullivan,Sullivan
Indiana,Switzerland,Switzerland
Indiana,Tippecanoe,Tippecanoe
Indiana,Tipton,Tipton
Indiana,Union,Union
Indiana,Vanderburgh,Vanderburgh
Indiana,Vermillion,Vermillion
Indiana,Vigo,Vigo
Indiana,Wabash,Wabash
Indiana,Warren,Warren
Indiana,Warrick,Warrick
Indiana,Washington,Washington
Indiana,Wayne,Wayne
Indiana,Wells,Wells
Indiana,White,White
Indiana,Whitley,Whitley
Kansas,Allen,Allen
Kansas,Anderson,Anderson
Kansas,Atchison,Atchison
Kansas,Barber,Barber
Kansas,Barton,Barton
Kansas,Bourbon,Bourbon
Kansas,Brown,Brown
Kansas,Butler,Butler
Kansas,Chase,Chase
Kansas,Chautauqua,Chautauqua
Kansas,Cherokee,Cherokee
Kansas,Cheyenne,Cheyenne
Kansas,Clark,Clark
Kansas,Clay,Clay
Kansas,Cloud,Cloud
Kansas,Coffey,Coffey
Kansas,Comanche,Comanche
Kansas,Cowley,Cowley
Kansas,Crawford,Crawford
Kansas,Decatur,Decatur
Kansas,Dickinson,Dickinson
Kansas,Doniphan,Doniphan
Kansas,Douglas,Douglas
Kansas,Edwards,Edwards
Kansas,Elk,Elk
Kansas,Ellis,Ellis
Kansas,Ellsworth,Ellsworth
Kansas,Finney,Finney
Kansas,Ford,Ford
Kansas,Franklin,Franklin
Kansas,Geary,Geary
Kansas,Gove,Gove
Kansas,Graham,Graham
Kansas,Grant,Grant
Kansas,Gray,Gray
Kansas,Greeley,Greeley
Kansas,Greenwood,Greenwood
Kansas,Hamilton,Hamilton
Kansas,Harper,Harper
Kansas,Harvey,Harvey
Kansas,Haskell,Haskell
Kansas,Hodgeman,Hodgeman
Kansas,Jackson,Jackson
Kansas,Jefferson,Jefferson
Kansas,Jewell,Jewell
Kansas,Johnson,Johnson
Kansas,Kearny,Kearny
Kansas,Kingman,Kingman
Kansas,Kiowa,Kiowa
Kansas,Labette,Labette
Kansas,Lane,Lane
Kansas,Leavenworth,Leavenworth
Kansas,Lincoln,Lincoln
Kansas,Linn,Linn
Kansas,Logan,Logan
Kansas,Lyon,Lyon
Kansas,Marion,Marion
Kansas,Marshall,Marshall
Kansas,McPherson,McPherson
Kansas,Meade,Meade
Kansas,Miami,Miami
Kansas,Mitchell,Mitchell
Kansas,Montgomery,Montgomery
Kansas,Morris,Morris
Kansas,Morton,Morton
Kansas,Nemaha,Nemaha
Kansas,Neosho,Neosho
Kansas,Ness,Ness
Kansas,Norton,Norton
Kansas,Osage,Osage
Kansas,Osborne,Osborne
Kansas,Ottawa,Ottawa
Kansas,Pawnee,Pawnee
Kansas,Phillips,Phillips
Kansas,Pottawatomie,Pottawatomie
Kansas,Pratt,Pratt
Kansas,Rawlins,Rawlins
Kansas,Reno,Reno
Kansas,Republic,Republic
Kansas,Rice,Rice
Kansas,Riley,Riley
Kansas,Rooks,Rooks
Kansas,Rush,Rush
Kansas,Russell,Russell
Kansas,Saline,Saline
Kansas,Scott,Scott
Kansas,Sedgwick,Sedgwick
Kansas,Seward,Seward
Kansas,Shawnee,Shawnee
Kansas,Sheridan,Sheridan
Kansas,Sherman,Sherman
Kansas,Smith,Smith
Kansas,Stafford,Stafford
Kansas,Stanton,Stanton
Kansas,Stevens,Stevens
Kansas,Sumner,Sumner
Kansas,Thomas,Thomas
Kansas,Trego,Trego
Kansas,Wabaunsee,Wabaunsee
Kansas,Wallace,Wallace
Kansas,Washington,Washington
Kansas,Wichita,Wichita
Kansas,Wilson,Wilson
Kansas,Woodson,Woodson
Kansas,Wyandotte,Wyandotte
Kentucky,Adair,Adair
Kentucky,Allen,Allen
Kentucky,Anderson,Anderson
Kentucky,Ballard,Ballard
Kentucky,Barren,Barren
Kentucky,Bath,Bath
Kentucky,Bell,Bell
Kentucky,Boone,Boone
Kentucky,Bourbon,Bourbon
Kentucky,Boyd,Boyd
Kentucky,Boyle,Boyle
Kentucky,Bracken,Bracken
Kentucky,Breathitt,Breathitt
Kentucky,Breckinridge,Breckinridge
Kentucky,Bullitt,Bullitt
Kentucky,Butler,Butler
Kentucky,Caldwell,Caldwell
Kentucky,Calloway,Calloway
Kentucky,Campbell,Campbell
Kentucky,Carlisle,Carlisle
Kentucky,Carroll,Carroll
Kentucky,Carter,Carter
Kentucky,Casey,Casey
Kentucky,Christian,Christian
Kentucky,Clark,Clark
Kentucky,Clay,Clay
Kentucky,Clinton,Clinton
Kentucky,Crittenden,Crittenden
Kentucky,Cumberland,Cumberland
Kentucky,Daviess,Daviess
Kentucky,Edmonson,Edmonson
Kentucky,Elliott,Elliott
Kentucky,Estill,Estill
Kentucky,Fayette,Fayette
Kentucky,Fleming,Fleming
Kentucky,Floyd,Floyd
Kentucky,Franklin,Franklin
Kentucky,Fulton,Fulton
Kentucky,Gallatin,Gallatin
Kentucky,Garrard,Garrard
Kentucky,Grant,Grant
Kentucky,Graves,Graves
Kentucky,Grayson,Grayson
Kentucky,Green,Green
Kentucky,Greenup,Greenup
Kentucky,Hancock,Hancock
Kentucky,Hardin,Hardin
Kentucky,Harlan,Harlan
Kentucky,Harrison,Harrison
Kentucky,Hart,Hart
Kentucky,Henderson,Henderson
Kentucky,Henry,Henry
Kentucky,Hickman,Hickman
Kentucky,Hopkins,Hopkins
Kentucky,Jackson,Jackson
Kentucky,Jefferson,Jefferson
Kentucky,Jessamine,Jessamine
Kentucky,Johnson,Johnson
Kentucky,Kenton,Kenton
Kentucky,Knott,Knott
Kentucky,Knox,Knox
Kentucky,Larue,Larue
Kentucky,Laurel,Laurel
Kentucky,Lawrence,Lawrence
Kentucky,Lee,Lee
Kentucky,Leslie,Leslie
Kentucky,Letcher,Letcher
Kentucky,Lewis,Lewis
Kentucky,Lincoln,Lincoln
Kentucky,Livingston,Livingston
Kentucky,Logan,Logan
Kentucky,Lyon,Lyon
Kentucky,Madison,Madison
Kentucky,Magoffin,Magoffin
Kentucky,Marion,Marion
Kentucky,Marshall,Marshall
Kentucky,Martin,Martin
Kentucky,Mason,Mason
Kentucky,McCracken,McCracken
Kentucky,McCreary,McCreary
Kentucky,McLean,McLean
Kentucky,Meade,Meade
Kentucky,Menifee,Menifee
Kentucky,Mercer,Mercer
Kentucky,Metcalfe,Metcalfe
Kentucky,Monroe,Monroe
Kentucky,Montgomery,Montgomery
Kentucky,Morgan,Morgan
Kentucky,Muhlenberg,Muhlenberg
Kentucky,Nelson,Nelson
Kentucky,Nicholas,Nicholas
Kentucky,Ohio,Ohio
Kentucky,Oldham,Oldham
Kentucky,Owen,Owen
Kentucky,Owsley,Owsley
Kentucky,Pendleton,Pendleton
Kentucky,Perry,Perry
Kentucky,Pike,Pike
Kentucky,Powell,Powell
Kentucky,Pulaski,Pulaski
Kentucky,Robertson,Robertson
Kentucky,Rockcastle,Rockcastle
Kentucky,Rowan,Rowan
Kentucky,Russell,Russell
Kentucky,Scott,Scott
Kentucky,Shelby,Shelby
Kentucky,Simpson,Simpson
Kentucky,Spencer,Spencer
Kentucky,Taylor,Taylor
Kentucky,Todd,Todd
Kentucky,Trigg,Trigg
Kentucky,Trimble,Trimble
Kentucky,Union,Union
Kentucky,Warren,Warren
Kentucky,Washington,Washington
Kentucky,Wayne,Wayne
Kentucky,Webster,Webster
Kentucky,Whitley,Whitley
Kentucky,Wolfe,Wolfe
Kentucky,Woodford,Woodford
Louisiana,Acadia,Acadia
Louisiana,Allen,Allen
Louisiana,Ascension,Ascension
Louisiana,Assumption,Assumption
Louisiana,Avoyelles,Avoyelles
Louisiana,Beauregard,Beauregard
Louisiana,Bienville,Bienville
Louisiana,Bossier,Bossier
Louisiana,Caddo,Caddo
Louisiana,Calcasieu,Calcasieu
Louisiana,Caldwell,Caldwell
Louisiana,Cameron,Cameron
Louisiana,Catahoula,Catahoula
Louisiana,Claiborne,Claiborne
Louisiana,Concordia,Concordia
Louisiana,De Soto,De Soto
Louisiana,East Baton Rouge,East Baton Rouge
Louisiana,East Carroll,East Carroll
Louisiana,East Feliciana,East Feliciana
Louisiana,Evangeline,Evangeline
Louisiana,Franklin,Franklin
Louisiana,Grant,Grant
Louisiana,Iberia,Iberia
Louisiana,Iberville,Iberville
Louisiana,Jackson,Jackson
Louisiana,Jefferson,Jefferson
Louisiana,Jefferson Davis,Jefferson Davis
Louisiana,La Salle,LaSalle
Louisiana,Lafayette,Lafayette
Louisiana,Lafourche,Lafourche
Louisiana,Lincoln,Lincoln
Louisiana,Livingston,Livingston
Louisiana,Madison,Madison
Louisiana,Morehouse,Morehouse
Louisiana,Natchitoches,Natchitoches
Louisiana,Orleans,Orleans
Louisiana,Ouachita,Ouachita
Louisiana,Plaquemines,Plaquemines
Louisiana,Pointe Coupee,Pointe Coupee
Louisiana,Rapides,Rapides
Louisiana,Red River,Red River
Louisiana,Richland,Richland
Louisiana,Sabine,Sabine
Louisiana,Saint Bernard,St. Bernard
Louisiana,Saint Charles,St. Charles
Louisiana,Saint Helena,St. Helena
Louisiana,Saint James,St. James
Louisiana,Saint Landry,St. Landry
Louisiana,Saint Martin,St. Martin
Louisiana,Saint Mary,St. Mary
Louisiana,Saint Tammany,St. Tammany
Louisiana,St John the Baptist,St. John the Baptist
Louisiana,Tangipahoa,Tangipahoa
Louisiana,Tensas,Tensas
Louisiana,Terrebonne,Terrebonne
Louisiana,Union,Union
Louisiana,Vermilion,Vermilion
Louisiana,Vernon,Vernon
Louisiana,Washington,Washington
Louisiana,Webster,Webster
Louisiana,West Baton Rouge,West Baton Rouge
Louisiana,West Carroll,West Carroll
Louisiana,West Feliciana,West Feliciana
Louisiana,Winn,Winn
Massachusetts,Barnstable,Barnstable
Massachusetts,Berkshire,Berkshire
Massachusetts,Bristol,Bristol
Massachusetts,Dukes,Dukes
Massachusetts,Essex,Essex
Massachusetts,Franklin,Franklin
Massachusetts,Hampden,Hampden
Massachusetts,Hampshire,Hampshire
Massachusetts,Middlesex,Middlesex
Massachusetts,Nantucket,Nantucket
Massachusetts,Norfolk,Norfolk
Massachusetts,Plymouth,Plymouth
Massachusetts,Suffolk,Suffolk
Massachusetts,Worcester,Worcester
Maryland,Allegany,Allegany
Maryland,Anne Arundel,Anne Arundel
Maryland,Baltimore,Baltimore
Maryland,Baltimore City,Baltimore City
Maryland,Calvert,Calvert
Maryland,Caroline,Caroline
Maryland,Carroll,Carroll
Maryland,Cecil,Cecil
Maryland,Charles,Charles
Maryland,Dorchester,Dorchester
Maryland,Frederick,Frederick
Maryland,Garrett,Garrett
Maryland,Harford,Harford
Maryland,Howard,Howard
Maryland,Kent,Kent
Maryland,Montgomery,Montgomery
Maryland,Prince Georges,Prince George's
Maryland,Queen Annes,Queen Anne's
Maryland,Saint Marys,St. Mary's
Maryland,Somerset,Somerset
Maryland,Talbot,Talbot
Maryland,Washington,Washington
Maryland,Wicomico,Wicomico
Maryland,Worcester,Worcester
Maine,Androscoggin,Androscoggin
Maine,Aroostook,Aroostook
Maine,Cumberland,Cumberland
Maine,Franklin,Franklin
Maine,Hancock,Hancock
Maine,Kennebec,Kennebec
Maine,Knox,Knox
Maine,Lincoln,Lincoln
Maine,Oxford,Oxford
Maine,Penobscot,Penobscot
Maine,Piscataquis,Piscataquis
Maine,Sagadahoc,Sagadahoc
Maine,Somerset,Somerset
Maine,Waldo,Waldo
Maine,Washington,Washington
Maine,York,York
Michigan,Alcona,Alcona
Michigan,Alger,Alger
Michigan,Allegan,Allegan
Michigan,Alpena,Alpena
Michigan,Antrim,Antrim
Michigan,Arenac,Arenac
Michigan,Baraga,Baraga
Michigan,Barry,Barry
Michigan,Bay,Bay
Michigan,Benzie,Benzie
Michigan,Berrien,Berrien
Michigan,Branch,Branch
Michigan,Calhoun,Calhoun
Michigan,Cass,Cass
Michigan,Charlevoix,Charlevoix
Michigan,Cheboygan,Cheboygan
Michigan,Chippewa,Chippewa
Michigan,Clare,Clare
Michigan,Clinton,Clinton
Michigan,Crawford,Crawford
Michigan,Delta,Delta
Michigan,Dickinson,Dickinson
Michigan,Eaton,Eaton
Michigan,Emmet,Emmet
Michigan,Genesee,Genesee
Michigan,Gladwin,Gladwin
Michigan,Gogebic,Gogebic
Michigan,Grand Traverse,Grand Traverse
Michigan,Gratiot,Gratiot
Michigan,Hillsdale,Hillsdale
Michigan,Houghton,Houghton
Michigan,Huron,Huron
Michigan,Ingham,Ingham
Michigan,Ionia,Ionia
Michigan,Iosco,Iosco
Michigan,Iron,Iron
Michigan,Isabella,Isabella
Michigan,Jackson,Jackson
Michigan,Kalamazoo,Kalamazoo
Michigan,Kalkaska,Kalkaska
Michigan,Kent,Kent
Michigan,Keweenaw,Keweenaw
Michigan,Lake,Lake
Michigan,Lapeer,Lapeer
Michigan,Leelanau,Leelanau
Michigan,Lenawee,Lenawee
Michigan,Livingston,Livingston
Michigan,Luce,Luce
Michigan,Mackinac,Mackinac
Michigan,Macomb,Macomb
Michigan,Manistee,Manistee
Michigan,Marquette,Marquette
Michigan,Mason,Mason
Michigan,Mecosta,Mecosta
Michigan,Menominee,Menominee
Michigan,Midland,Midland
Michigan,Missaukee,Missaukee
Michigan,Monroe,Monroe
Michigan,Montcalm,Montcalm
Michigan,Montmorency,Montmorency
Michigan,Muskegon,Muskegon
Michigan,Newaygo,Newaygo
Michigan,Oakland,Oakland
Michigan,Oceana,Oceana
Michigan,Ogemaw,Ogemaw
Michigan,Ontonagon,Ontonagon
Michigan,Osceola,Osceola
Michigan,Oscoda,Oscoda
Michigan,Otsego,Otsego
Michigan,Ottawa,Ottawa
Michigan,Presque Isle,Presque Isle
Michigan,Roscommon,Roscommon
Michigan,Saginaw,Saginaw
Michigan,Saint Clair,St. Clair
Michigan,Saint Joseph,St. Joseph
Michigan,Sanilac,Sanilac
Michigan,Schoolcraft,Schoolcraft
Michigan,Shiawassee,Shiawassee
Michigan,Tuscola,Tuscola
Michigan,Van Buren,Van Buren
Michigan,Washtenaw,Washtenaw
Michigan,Wayne,Wayne
Michigan,Wexford,Wexford
Minnesota,Aitkin,Aitkin
Minnesota,Anoka,Anoka
Minnesota,Becker,Becker
Minnesota,Beltrami,Beltrami
Minnesota,Benton,Benton
Minnesota,Big Stone,Big Stone
Minnesota,Blue Earth,Blue Earth
Minnesota,Brown,Brown
Minnesota,Carlton,Carlton
Minnesota,Carver,Carver
Minnesota,Cass,Cass
Minnesota,Chippewa,Chippewa
Minnesota,Chisago,Chisago
Minnesota,Clay,Clay
Minnesota,Clearwater,Clearwater
Minnesota,Cook,Cook
Minnesota,Cottonwood,Cottonwood
Minnesota,Crow Wing,Crow Wing
Minnesota,Dakota,Dakota
Minnesota,Dodge,Dodge
Minnesota,Douglas,Douglas
Minnesota,Faribault,Faribault
Minnesota,Fillmore,Fillmore
Minnesota,Freeborn,Freeborn
Minnesota,Goodhue,Goodhue
Minnesota,Grant,Grant
Minnesota,Hennepin,Hennepin
Minnesota,Houston,Houston
Minnesota,Hubbard,Hubbard
Minnesota,Isanti,Isanti
Minnesota,Itasca,Itasca
Minnesota,Jackson,Jackson
Minnesota,Kanabec,Kanabec
Minnesota,Kandiyohi,Kandiyohi
Minnesota,Kittson,Kittson
Minnesota,Koochiching,Koochiching
Minnesota,Lac Qui Parle,Lac qui Parle
Minnesota,Lake,Lake
Minnesota,Lake of the Woods,Lake of the Woods
Minnesota,Le Sueur,Le Sueur
Minnesota,Lincoln,Lincoln
Minnesota,Lyon,Lyon
Minnesota,Mahnomen,Mahnomen
Minnesota,Marshall,Marshall
Minnesota,Martin,Martin
Minnesota,McLeod,McLeod
Minnesota,Meeker,Meeker
Minnesota,Mille Lacs,Mille Lacs
Minnesota,Morrison,Morrison
Minnesota,Mower,Mower
Minnesota,Murray,Murray
Minnesota,Nicollet,Nicollet
Minnesota,Nobles,Nobles
Minnesota,Norman,Norman
Minnesota,Olmsted,Olmsted
Minnesota,Otter Tail,Otter Tail
Minnesota,Pennington,Pennington
Minnesota,Pine,Pine
Minnesota,Pipestone,Pipestone
Minnesota,Polk,Polk
Minnesota,Pope,Pope
Minnesota,Ramsey,Ramsey
Minnesota,Red Lake,Red Lake
Minnesota,Redwood,Redwood
Minnesota,Renville,Renville
Minnesota,Rice,Rice
Minnesota,Rock,Rock
Minnesota,Roseau,Roseau
Minnesota,Saint Louis,St. Louis
Minnesota,Scott,Scott
Minnesota,Sherburne,Sherburne
Minnesota,Sibley,Sibley
Minnesota,Stearns,Stearns
Minnesota,Steele,Steele
Minnesota,Stevens,Stevens
Minnesota,Swift,Swift
Minnesota,Todd,Todd
Minnesota,Traverse,Traverse
Minnesota,Wabasha,Wabasha
Minnesota,Wadena,Wadena
Minnesota,Waseca,Waseca
Minnesota,Washington,Washington
Minnesota,Watonwan,Watonwan
Minnesota,Wilkin,Wilkin
Minnesota,Winona,Winona
Minnesota,Wright,Wright
Minnesota,Yellow Medicine,Yellow Medicine
Missouri,Adair,Adair
Missouri,Andrew,Andrew
Missouri,Atchison,Atchison
Missouri,Audrain,Audrain
Missouri,Barry,Barry
Missouri,Barton,Barton
Missouri,Bates,Bates
Missouri,Benton,Benton
Missouri,Bollinger,Bollinger
Missouri,Boone,Boone
Missouri,Buchanan,Buchanan
Missouri,Butler,Butler
Missouri,Caldwell,Caldwell
Missouri,Callaway,Callaway
Missouri,Camden,Camden
Missouri,Cape Girardeau,Cape Girardeau
Missouri,Carroll,Carroll
Missouri,Carter,Carter
Missouri,Cass,Cass
Missouri,Cedar,Cedar
Missouri,Chariton,Chariton
Missouri,Christian,Christian
Missouri,Clark,Clark
Missouri,Clay,Clay
Missouri,Clinton,Clinton
Missouri,Cole,Cole
Missouri,Cooper,Cooper
Missouri,Crawford,Crawford
Missouri,Dade,Dade
Missouri,Dallas,Dallas
Missouri,Daviess,Daviess
Missouri,Dekalb,DeKalb
Missouri,Dent,Dent
Missouri,Douglas,Douglas
Missouri,Dunklin,Dunklin
Missouri,Franklin,Franklin
Missouri,Gasconade,Gasconade
Missouri,Gentry,Gentry
Missouri,Greene,Greene
Missouri,Grundy,Grundy
Missouri,Harrison,Harrison
Missouri,Henry,Henry
Missouri,Hickory,Hickory
Missouri,Holt,Holt
Missouri,Howard,Howard
Missouri,Howell,Howell
Missouri,Iron,Iron
Missouri,Jackson,Jackson
Missouri,Jasper,Jasper
Missouri,Jefferson,Jefferson
Missouri,Johnson,Johnson
Missouri,Knox,Knox
Missouri,Laclede,Laclede
Missouri,Lafayette,Lafayette
Missouri,Lawrence,Lawrence
Missouri,Lewis,Lewis
Missouri,Lincoln,Lincoln
Missouri,Linn,Linn
Missouri,Livingston,Livingston
Missouri,Macon,Macon
Missouri,Madison,Madison
Missouri,Maries,Maries
Missouri,Marion,Marion
Missouri,McDonald,McDonald
Missouri,Mercer,Mercer
Missouri,Miller,Miller
Missouri,Mississippi,Mississippi
Missouri,Moniteau,Moniteau
Missouri,Monroe,Monroe
Missouri,Montgomery,Montgomery
Missouri,Morgan,Morgan
Missouri,New Madrid,New Madrid
Missouri,Newton,Newton
Missouri,Nodaway,Nodaway
Missouri,Oregon,Oregon
Missouri,Osage,Osage
Missouri,Ozark,Ozark
Missouri,Pemiscot,Pemiscot
Missouri,Perry,Perry
Missouri,Pettis,Pettis
Missouri,Phelps,Phelps
Missouri,Pike,Pike
Missouri,Platte,Platte
Missouri,Polk,Polk
Missouri,Pulaski,Pulaski
Missouri,Putnam,Putnam
Missouri,Ralls,Ralls
Missouri,Randolph,Randolph
Missouri,Ray,Ray
Missouri,Reynolds,Reynolds
Missouri,Ripley,Ripley
Missouri,Saint Charles,St. Charles
Missouri,Saint Clair,St. Clair
Missouri,Saint Francois,St. Francois
Missouri,Saint Louis,St. Louis
Missouri,Saint Louis City,St. Louis City
Missouri,Sainte Genevieve,Ste. Genevieve
Missouri,Saline,Saline
Missouri,Schuyler,Schuyler
Missouri,Scotland,Scotland
Missouri,Scott,Scott
Missouri,Shannon,Shannon
Missouri,Shelby,Shelby
Missouri,Stoddard,Stoddard
Missouri,Stone,Stone
Missouri,Sullivan,Sullivan
Missouri,Taney,Taney
Missouri,Texas,Texas
Missouri,Vernon,Vernon
Missouri,Warren,Warren
Missouri,Washington,Washington
Missouri,Wayne,Wayne
Missouri,Webster,Webster
Missouri,Worth,Worth
Missouri,Wright,Wright
Mississippi,Adams,Adams
Mississippi,Alcorn,Alcorn
Mississippi,Amite,Amite
Mississippi,Attala,Attala
Mississippi,Benton,Benton
Mississippi,Bolivar,Bolivar
Mississippi,Calhoun,Calhoun
Mississippi,Carroll,Carroll
Mississippi,Chickasaw,Chickasaw
Mississippi,Choctaw,Choctaw
Mississippi,Claiborne,Claiborne
Mississippi,Clarke,Clarke
Mississippi,Clay,Clay
Mississippi,Coahoma,Coahoma
Mississippi,Copiah,Copiah
Mississippi,Covington,Covington
Mississippi,De Soto,DeSoto
Mississippi,Forrest,Forrest
Mississippi,Franklin,Franklin
Mississippi,George,George
Mississippi,Greene,Greene
Mississippi,Grenada,Grenada
Mississippi,Hancock,Hancock
Mississippi,Harrison,Harrison
Mississippi,Hinds,Hinds
Mississippi,Holmes,Holmes
Mississippi,Humphreys,Humphreys
Mississippi,Issaquena,Issaquena
Mississippi,Itawamba,Itawamba
Mississippi,Jackson,Jackson
Mississippi,Jasper,Jasper
Mississippi,Jefferson,Jefferson
Mississippi,Jefferson Davis,Jefferson Davis
Mississippi,Jones,Jones
Mississippi,Kemper,Kemper
Mississippi,Lafayette,Lafayette
Mississippi,Lamar,Lamar
Mississippi,Lauderdale,Lauderdale
Mississippi,Lawrence,Lawrence
Mississippi,Leake,Leake
Mississippi,Lee,Lee
Mississippi,Leflore,Leflore
Mississippi,Lincoln,Lincoln
Mississippi,Lowndes,Lowndes
Mississippi,Madison,Madison
Mississippi,Marion,Marion
Mississippi,Marshall,Marshall
Mississippi,Monroe,Monroe
Mississippi,Montgomery,Montgomery
Mississippi,Neshoba,Neshoba
Mississippi,Newton,Newton
Mississippi,Noxubee,Noxubee
Mississippi,Oktibbeha,Oktibbeha
Mississippi,Panola,Panola
Mississippi,Pearl River,Pearl River
Mississippi,Perry,Perry
Mississippi,Pike,Pike
Mississippi,Pontotoc,Pontotoc
Mississippi,Prentiss,Prentiss
Mississippi,Quitman,Quitman
Mississippi,Rankin,Rankin
Mississippi,Scott,Scott
Mississippi,Sharkey,Sharkey
Mississippi,Simpson,Simpson
Mississippi,Smith,Smith
Mississippi,Stone,Stone
Mississippi,Sunflower,Sunflower
Mississippi,Tallahatchie,Tallahatchie
Mississippi,Tate,Tate
Mississippi,Tippah,Tippah
Mississippi,Tishomingo,Tishomingo
Mississippi,Tunica,Tunica
Mississippi,Union,Union
Mississippi,Walthall,Walthall
Mississippi,Warren,Warren
Mississippi,Washington,Washington
Mississippi,Wayne,Wayne
Mississippi,Webster,Webster
Mississippi,Wilkinson,Wilkinson
Mississippi,Winston,Winston
Mississippi,Yalobusha,Yalobusha
Mississippi,Yazoo,Yazoo
Montana,Beaverhead,Beaverhead
Montana,Big Horn,Big Horn
Montana,Blaine,Blaine
Montana,Broadwater,Broadwater
Montana,Carbon,Carbon
Montana,Carter,Carter
Montana,Cascade,Cascade
Montana,Chouteau,Chouteau
Montana,Custer,Custer
Montana,Daniels,Daniels
Montana,Dawson,Dawson
Montana,Deer Lodge,Deer Lodge
Montana,Fallon,Fallon
Montana,Fergus,Fergus
Montana,Flathead,Flathead
Montana,Gallatin,Gallatin
Montana,Garfield,Garfield
Montana,Glacier,Glacier
Montana,Golden Valley,Golden Valley
Montana,Granite,Granite
Montana,Hill,Hill
Montana,Jefferson,Jefferson
Montana,Judith Basin,Judith Basin
Montana,Lake,Lake
Montana,Lewis and Clark,Lewis and Clark
Montana,Liberty,Liberty
Montana,Lincoln,Lincoln
Montana,Madison,Madison
Montana,McCone,McCone
Montana,Meagher,Meagher
Montana,Mineral,Mineral
Montana,Missoula,Missoula
Montana,Musselshell,Musselshell
Montana,Park,Park
Montana,Petroleum,Petroleum
Montana,Phillips,Phillips
Montana,Pondera,Pondera
Montana,Powder River,Powder River
Montana,Powell,Powell
Montana,Prairie,Prairie
Montana,Ravalli,Ravalli
Montana,Richland,Richland
Montana,Roosevelt,Roosevelt
Montana,Rosebud,Rosebud
Montana,Sanders,Sanders
Montana,Sheridan,Sheridan
Montana,Silver Bow,Silver Bow
Montana,Stillwater,Stillwater
Montana,Sweet Grass,Sweet Grass
Montana,Teton,Teton
Montana,Toole,Toole
Montana,Treasure,Treasure
Montana,Valley,Valley
Montana,Wheatland,Wheatland
Montana,Wibaux,Wibaux
Montana,Yellowstone,Yellowstone
North Carolina,Alamance,Alamance
North Carolina,Alexander,Alexander
North Carolina,Alleghany,Alleghany
North Carolina,Anson,Anson
North Carolina,Ashe,Ashe
North Carolina,Avery,Avery
North Carolina,Beaufort,Beaufort
North Carolina,Bertie,Bertie
North Carolina,Bladen,Bladen
North Carolina,Brunswick,Brunswick
North Carolina,Buncombe,Buncombe
North Carolina,Burke,Burke
North Carolina,Cabarrus,Cabarrus
North Carolina,Caldwell,Caldwell
North Carolina,Camden,Camden
North Carolina,Carteret,Carteret
North Carolina,Caswell,Caswell
North Carolina,Catawba,Catawba
North Carolina,Chatham,Chatham
North Carolina,Cherokee,Cherokee
North Carolina,Chowan,Chowan
North Carolina,Clay,Clay
North Carolina,Cleveland,Cleveland
North Carolina,Columbus,Columbus
North Carolina,Craven,Craven
North Carolina,Cumberland,Cumberland
North Carolina,Currituck,Currituck
North Carolina,Dare,Dare
North Carolina,Davidson,Davidson
North Carolina,Davie,Davie
North Carolina,Duplin,Duplin
North Carolina,Durham,Durham
North Carolina,Edgecombe,Edgecombe
North Carolina,Forsyth,Forsyth
North Carolina,Franklin,Franklin
North Carolina,Gaston,Gaston
North Carolina,Gates,Gates
North Carolina,Graham,Graham
North Carolina,Granville,Granville
North Carolina,Greene,Greene
North Carolina,Guilford,Guilford
North Carolina,Halifax,Halifax
North Carolina,Harnett,Harnett
North Carolina,Haywood,Haywood
North Carolina,Henderson,Henderson
North Carolina,Hertford,Hertford
North Carolina,Hoke,Hoke
North Carolina,Hyde,Hyde
North Carolina,Iredell,Iredell
North Carolina,Jackson,Jackson
North Carolina,Johnston,Johnston
North Carolina,Jones,Jones
North Carolina,Lee,Lee
North Carolina,Lenoir,Lenoir
North Carolina,Lincoln,Lincoln
North Carolina,Macon,Macon
North Carolina,Madison,Madison
North Carolina,Martin,Martin
North Carolina,McDowell,McDowell
North Carolina,Mecklenburg,Mecklenburg
North Carolina,Mitchell,Mitchell
North Carolina,Montgomery,Montgomery
North Carolina,Moore,Moore
North Carolina,Nash,Nash
North Carolina,New Hanover,New Hanover
North Carolina,Northampton,Northampton
North Carolina,Onslow,Onslow
North Carolina,Orange,Orange
North Carolina,Pamlico,Pamlico
North Carolina,Pasquotank,Pasquotank
North Carolina,Pender,Pender
North Carolina,Perquimans,Perquimans
North Carolina,Person,Person
North Carolina,Pitt,Pitt
North Carolina,Polk,Polk
North Carolina,Randolph,Randolph
North Carolina,Richmond,Richmond
North Carolina,Robeson,Robeson
North Carolina,Rockingham,Rockingham
North Carolina,Rowan,Rowan
North Carolina,Rutherford,Rutherford
North Carolina,Sampson,Sampson
North Carolina,Scotland,Scotland
North Carolina,Stanly,Stanly
North Carolina,Stokes,Stokes
North Carolina,Surry,Surry
North Carolina,Swain,Swain
North Carolina,Transylvania,Transylvania
North Carolina,Tyrrell,Tyrrell
North Carolina,Union,Union
North Carolina,Vance,Vance
North Carolina,Wake,Wake
North Carolina,Warren,Warren
North Carolina,Washington,Washington
North Carolina,Watauga,Watauga
North Carolina,Wayne,Wayne
North Carolina,Wilkes,Wilkes
North Carolina,Wilson,Wilson
North Carolina,Yadkin,Yadkin
North Carolina,Yancey,Yancey
North Dakota,Adams,Adams
North Dakota,Barnes,Barnes
North Dakota,Benson,Benson
North Dakota,Billings,Billings
North Dakota,Bottineau,Bottineau
North Dakota,Bowman,Bowman
North Dakota,Burke,Burke
North Dakota,Burleigh,Burleigh
North Dakota,Cass,Cass
North Dakota,Cavalier,Cavalier
North Dakota,Dickey,Dickey
North Dakota,Divide,Divide
North Dakota,Dunn,Dunn
North Dakota,Eddy,Eddy
North Dakota,Emmons,Emmons
North Dakota,Foster,Foster
North Dakota,Golden Valley,Golden Valley
North Dakota,Grand Forks,Grand Forks
North Dakota,Grant,Grant
North Dakota,Griggs,Griggs
North Dakota,Hettinger,Hettinger
North Dakota,Kidder,Kidder
North Dakota,Lamoure,LaMoure
North Dakota,Logan,Logan
North Dakota,McHenry,McHenry
North Dakota,McIntosh,McIntosh
North Dakota,McKenzie,McKenzie
North Dakota,McLean,McLean
North Dakota,Mercer,Mercer
North Dakota,Morton,Morton
North Dakota,Mountrail,Mountrail
North Dakota,Nelson,Nelson
North Dakota,Oliver,Oliver
North Dakota,Pembina,Pembina
North Dakota,Pierce,Pierce
North Dakota,Ramsey,Ramsey
North Dakota,Ransom,Ransom
North Dakota,Renville,Renville
North Dakota,Richland,Richland
North Dakota,Rolette,Rolette
North Dakota,Sargent,Sargent
North Dakota,Sheridan,Sheridan
North Dakota,Sioux,Sioux
North Dakota,Slope,Slope
North Dakota,Stark,Stark
North Dakota,Steele,Steele
North Dakota,Stutsman,Stutsman
North Dakota,Towner,Towner
North Dakota,Traill,Traill
North Dakota,Walsh,Walsh
North Dakota,Ward,Ward
North Dakota,Wells,Wells
North Dakota,Williams,Williams
Nebraska,Adams,Adams
Nebraska,Antelope,Antelope
Nebraska,Arthur,Arthur
Nebraska,Banner,Banner
Nebraska,Blaine,Blaine
Nebraska,Boone,Boone
Nebraska,Box Butte,Box Butte
Nebraska,Boyd,Boyd
Nebraska,Brown,Brown
Nebraska,Buffalo,Buffalo
Nebraska,Burt,Burt
Nebraska,Butler,Butler
Nebraska,Cass,Cass
Nebraska,Cedar,Cedar
Nebraska,Chase,Chase
Nebraska,Cherry,Cherry
Nebraska,Cheyenne,Cheyenne
Nebraska,Clay,Clay
Nebraska,Colfax,Colfax
Nebraska,Cuming,Cuming
Nebraska,Custer,Custer
Nebraska,Dakota,Dakota
Nebraska,Dawes,Dawes
Nebraska,Dawson,Dawson
Nebraska,Deuel,Deuel
Nebraska,Dixon,Dixon
Nebraska,Dodge,Dodge
Nebraska,Douglas,Douglas
Nebraska,Dundy,Dundy
Nebraska,Fillmore,Fillmore
Nebraska,Franklin,Franklin
Nebraska,Frontier,Frontier
Nebraska,Furnas,Furnas
Nebraska,Gage,Gage
Nebraska,Garden,Garden
Nebraska,Garfield,Garfield
Nebraska,Gosper,Gosper
Nebraska,Grant,Grant
Nebraska,Greeley,Greeley
Nebraska,Hall,Hall
Nebraska,Hamilton,Hamilton
Nebraska,Harlan,Harlan
Nebraska,Hayes,Hayes
Nebraska,Hitchcock,Hitchcock
Nebraska,Holt,Holt
Nebraska,Hooker,Hooker
Nebraska,Howard,Howard
Nebraska,Jefferson,Jefferson
Nebraska,Johnson,Johnson
Nebraska,Kearney,Kearney
Nebraska,Keith,Keith
Nebraska,Keya Paha,Keya Paha
Nebraska,Kimball,Kimball
Nebraska,Knox,Knox
Nebraska,Lancaster,Lancaster
Nebraska,Lincoln,Lincoln
Nebraska,Logan,Logan
Nebraska,Loup,Loup
Nebraska,Madison,Madison
Nebraska,McPherson,McPherson
Nebraska,Merrick,Merrick
Nebraska,Morrill,Morrill
Nebraska,Nance,Nance
Nebraska,Nemaha,Nemaha
Nebraska,Nuckolls,Nuckolls
Nebraska,Otoe,Otoe
Nebraska,Pawnee,Pawnee
Nebraska,Perkins,Perkins
Nebraska,Phelps,Phelps
Nebraska,Pierce,Pierce
Nebraska,Platte,Platte
Nebraska,Polk,Polk
Nebraska,Red Willow,Red Willow
Nebraska,Richardson,Richardson
Nebraska,Rock,Rock
Nebraska,Saline,Saline
Nebraska,Sarpy,Sarpy
Nebraska,Saunders,Saunders
Nebraska,Scotts Bluff,Scotts Bluff
Nebraska,Seward,Seward
Nebraska,Sheridan,Sheridan
Nebraska,Sherman,Sherman
Nebraska,Sioux,Sioux
Nebraska,Stanton,Stanton
Nebraska,Thayer,Thayer
Nebraska,Thomas,Thomas
Nebraska,Thurston,Thurston
Nebraska,Valley,Valley
Nebraska,Washington,Washington
Nebraska,Wayne,Wayne
Nebraska,Webster,Webster
Nebraska,Wheeler,Wheeler
Nebraska,York,York
New Hampshire,Belknap,Belknap
New Hampshire,Carroll,Carroll
New Hampshire,Cheshire,Cheshire
New Hampshire,Coos,Coos
New Hampshire,Grafton,Grafton
New Hampshire,Hillsborough,Hillsborough
New Hampshire,Merrimack,Merrimack
New Hampshire,Rockingham,Rockingham
New Hampshire,Strafford,Strafford
New Hampshire,Sullivan,Sullivan
New Jersey,Atlantic,Atlantic
New Jersey,Bergen,Bergen
New Jersey,Burlington,Burlington
New Jersey,Camden,Camden
New Jersey,Cape May,Cape May
New Jersey,Cumberland,Cumberland
New Jersey,Essex,Essex
New Jersey,Gloucester,Gloucester
New Jersey,Hudson,Hudson
New Jersey,Hunterdon,Hunterdon
New Jersey,Mercer,Mercer
New Jersey,Middlesex,Middlesex
New Jersey,Monmouth,Monmouth
New Jersey,Morris,Morris
New Jersey,Ocean,Ocean
New Jersey,Passaic,Passaic
New Jersey,Salem,Salem
New Jersey,Somerset,Somerset
New Jersey,Sussex,Sussex
New Jersey,Union,Union
New Jersey,Warren,Warren
New Mexico,Bernalillo,Bernalillo
New Mexico,Catron,Catron
New Mexico,Chaves,Chaves
New Mexico,Cibola,Cibola
New Mexico,Colfax,Colfax
New Mexico,Curry,Curry
New Mexico,De Baca,De Baca
New Mexico,Dona Ana,Doa Ana
New Mexico,Eddy,Eddy
New Mexico,Grant,Grant
New Mexico,Guadalupe,Guadalupe
New Mexico,Harding,Harding
New Mexico,Hidalgo,Hidalgo
New Mexico,Lea,Lea
New Mexico,Lincoln,Lincoln
New Mexico,Los Alamos,Los Alamos
New Mexico,Luna,Luna
New Mexico,McKinley,McKinley
New Mexico,Mora,Mora
New Mexico,Otero,Otero
New Mexico,Quay,Quay
New Mexico,Rio Arriba,Rio Arriba
New Mexico,Roosevelt,Roosevelt
New Mexico,San Juan,San Juan
New Mexico,San Miguel,San Miguel
New Mexico,Sandoval,Sandoval
New Mexico,Santa Fe,Santa Fe
New Mexico,Sierra,Sierra
New Mexico,Socorro,Socorro
New Mexico,Taos,Taos
New Mexico,Torrance,Torrance
New Mexico,Union,Union
New Mexico,Valencia,Valencia
Nevada,Carson City,Carson City
Nevada,Churchill,Churchill
Nevada,Clark,Clark
Nevada,Douglas,Douglas
Nevada,Elko,Elko
Nevada,Esmeralda,Esmeralda
Nevada,Eureka,Eureka
Nevada,Humboldt,Humboldt
Nevada,Lander,Lander
Nevada,Lincoln,Lincoln
Nevada,Lyon,Lyon
Nevada,Mineral,Mineral
Nevada,Nye,Nye
Nevada,Pershing,Pershing
Nevada,Storey,Storey
Nevada,Washoe,Washoe
Nevada,White Pine,White Pine
New York,Albany,Albany
New York,Allegany,Allegany
New York,Bronx,Bronx
New York,Broome,Broome
New York,Cattaraugus,Cattaraugus
New York,Cayuga,Cayuga
New York,Chautauqua,Chautauqua
New York,Chemung,Chemung
New York,Chenango,Chenango
New York,Clinton,Clinton
New York,Columbia,Columbia
New York,Cortland,Cortland
New York,Delaware,Delaware
New York,Dutchess,Dutchess
New York,Erie,Erie
New York,Essex,Essex
New York,Franklin,Franklin
New York,Fulton,Fulton
New York,Genesee,Genesee
New York,Greene,Greene
New York,Hamilton,Hamilton
New York,Herkimer,Herkimer
New York,Jefferson,Jefferson
New York,Kings,Kings
New York,Lewis,Lewis
New York,Livingston,Livingston
New York,Madison,Madison
New York,Monroe,Monroe
New York,Montgomery,Montgomery
New York,Nassau,Nassau
New York,New York,New York
New York,Niagara,Niagara
New York,Oneida,Oneida
New York,Onondaga,Onondaga
New York,Ontario,Ontario
New York,Orange,Orange
New York,Orleans,Orleans
New York,Oswego,Oswego
New York,Otsego,Otsego
New York,Putnam,Putnam
New York,Queens,Queens
New York,Rensselaer,Rensselaer
New York,Richmond,Richmond
New York,Rockland,Rockland
New York,Saint Lawrence,St. Lawrence
New York,Saratoga,Saratoga
New York,Schenectady,Schenectady
New York,Schoharie,Schoharie
New York,Schuyler,Schuyler
New York,Seneca,Seneca
New York,Steuben,Steuben
New York,Suffolk,Suffolk
New York,Sullivan,Sullivan
New York,Tioga,Tioga
New York,Tompkins,Tompkins
New York,Ulster,Ulster
New York,Warren,Warren
New York,Washington,Washington
New York,Wayne,Wayne
New York,Westchester,Westchester
New York,Wyoming,Wyoming
New York,Yates,Yates
Ohio,Adams,Adams
Ohio,Allen,Allen
Ohio,Ashland,Ashland
Ohio,Ashtabula,Ashtabula
Ohio,Athens,Athens
Ohio,Auglaize,Auglaize
Ohio,Belmont,Belmont
Ohio,Brown,Brown
Ohio,Butler,Butler
Ohio,Carroll,Carroll
Ohio,Champaign,Champaign
Ohio,Clark,Clark
Ohio,Clermont,Clermont
Ohio,Clinton,Clinton
Ohio,Columbiana,Columbiana
Ohio,Coshocton,Coshocton
Ohio,Crawford,Crawford
Ohio,Cuyahoga,Cuyahoga
Ohio,Darke,Darke
Ohio,Defiance,Defiance
Ohio,Delaware,Delaware
Ohio,Erie,Erie
Ohio,Fairfield,Fairfield
Ohio,Fayette,Fayette
Ohio,Franklin,Franklin
Ohio,Fulton,Fulton
Ohio,Gallia,Gallia
Ohio,Geauga,Geauga
Ohio,Greene,Greene
Ohio,Guernsey,Guernsey
Ohio,Hamilton,Hamilton
Ohio,Hancock,Hancock
Ohio,Hardin,Hardin
Ohio,Harrison,Harrison
Ohio,Henry,Henry
Ohio,Highland,Highland
Ohio,Hocking,Hocking
Ohio,Holmes,Holmes
Ohio,Huron,Huron
Ohio,Jackson,Jackson
Ohio,Jefferson,Jefferson
Ohio,Knox,Knox
Ohio,Lake,Lake
Ohio,Lawrence,Lawrence
Ohio,Licking,Licking
Ohio,Logan,Logan
Ohio,Lorain,Lorain
Ohio,Lucas,Lucas
Ohio,Madison,Madison
Ohio,Mahoning,Mahoning
Ohio,Marion,Marion
Ohio,Medina,Medina
Ohio,Meigs,Meigs
Ohio,Mercer,Mercer
Ohio,Miami,Miami
Ohio,Monroe,Monroe
Ohio,Montgomery,Montgomery
Ohio,Morgan,Morgan
Ohio,Morrow,Morrow
Ohio,Muskingum,Muskingum
Ohio,Noble,Noble
Ohio,Ottawa,Ottawa
Ohio,Paulding,Paulding
Ohio,Perry,Perry
Ohio,Pickaway,Pickaway
Ohio,Pike,Pike
Ohio,Portage,Portage
Ohio,Preble,Preble
Ohio,Putnam,Putnam
Ohio,Richland,Richland
Ohio,Ross,Ross
Ohio,Sandusky,Sandusky
Ohio,Scioto,Scioto
Ohio,Seneca,Seneca
Ohio,Shelby,Shelby
Ohio,Stark,Stark
Ohio,Summit,Summit
Ohio,Trumbull,Trumbull
Ohio,Tuscarawas,Tuscarawas
Ohio,Union,Union
Ohio,Van Wert,Van Wert
Ohio,Vinton,Vinton
Ohio,Warren,Warren
Ohio,Washington,Washington
Ohio,Wayne,Wayne
Ohio,Williams,Williams
Ohio,Wood,Wood
Ohio,Wyandot,Wyandot
Oklahoma,Adair,Adair
Oklahoma,Alfalfa,Alfalfa
Oklahoma,Atoka,Atoka
Oklahoma,Beaver,Beaver
Oklahoma,Beckham,Beckham
Oklahoma,Blaine,Blaine
Oklahoma,Bryan,Bryan
Oklahoma,Caddo,Caddo
Oklahoma,Canadian,Canadian
Oklahoma,Carter,Carter
Oklahoma,Cherokee,Cherokee
Oklahoma,Choctaw,Choctaw
Oklahoma,Cimarron,Cimarron
Oklahoma,Cleveland,Cleveland
Oklahoma,Coal,Coal
Oklahoma,Comanche,Comanche
Oklahoma,Cotton,Cotton
Oklahoma,Craig,Craig
Oklahoma,Creek,Creek
Oklahoma,Custer,Custer
Oklahoma,Delaware,Delaware
Oklahoma,Dewey,Dewey
Oklahoma,Ellis,Ellis
Oklahoma,Garfield,Garfield
Oklahoma,Garvin,Garvin
Oklahoma,Grady,Grady
Oklahoma,Grant,Grant
Oklahoma,Greer,Greer
Oklahoma,Harmon,Harmon
Oklahoma,Harper,Harper
Oklahoma,Haskell,Haskell
Oklahoma,Hughes,Hughes
Oklahoma,Jackson,Jackson
Oklahoma,Jefferson,Jefferson
Oklahoma,Johnston,Johnston
Oklahoma,Kay,Kay
Oklahoma,Kingfisher,Kingfisher
Oklahoma,Kiowa,Kiowa
Oklahoma,Latimer,Latimer
Oklahoma,Le Flore,Le Flore
Oklahoma,Lincoln,Lincoln
Oklahoma,Logan,Logan
Oklahoma,Love,Love
Oklahoma,Major,Major
Oklahoma,Marshall,Marshall
Oklahoma,Mayes,Mayes
Oklahoma,McClain,McClain
Oklahoma,McCurtain,McCurtain
Oklahoma,McIntosh,McIntosh
Oklahoma,Murray,Murray
Oklahoma,Muskogee,Muskogee
Oklahoma,Noble,Noble
Oklahoma,Nowata,Nowata
Oklahoma,Okfuskee,Okfuskee
Oklahoma,Oklahoma,Oklahoma
Oklahoma,Okmulgee,Okmulgee
Oklahoma,Osage,Osage
Oklahoma,Ottawa,Ottawa
Oklahoma,Pawnee,Pawnee
Oklahoma,Payne,Payne
Oklahoma,Pittsburg,Pittsburg
Oklahoma,Pontotoc,Pontotoc
Oklahoma,Pottawatomie,Pottawatomie
Oklahoma,Pushmataha,Pushmataha
Oklahoma,Roger Mills,Roger Mills
Oklahoma,Rogers,Rogers
Oklahoma,Seminole,Seminole
Oklahoma,Sequoyah,Sequoyah
Oklahoma,Stephens,Stephens
Oklahoma,Texas,Texas
Oklahoma,Tillman,Tillman
Oklahoma,Tulsa,Tulsa
Oklahoma,Wagoner,Wagoner
Oklahoma,Washington,Washington
Oklahoma,Washita,Washita
Oklahoma,Woods,Woods
Oklahoma,Woodward,Woodward
Oregon,Baker,Baker
Oregon,Benton,Benton
Oregon,Clackamas,Clackamas
Oregon,Clatsop,Clatsop
Oregon,Columbia,Columbia
Oregon,Coos,Coos
Oregon,Crook,Crook
Oregon,Curry,Curry
Oregon,Deschutes,Deschutes
Oregon,Douglas,Douglas
Oregon,Gilliam,Gilliam
Oregon,Grant,Grant
Oregon,Harney,Harney
Oregon,Hood River,Hood River
Oregon,Jackson,Jackson
Oregon,Jefferson,Jefferson
Oregon,Josephine,Josephine
Oregon,Klamath,Klamath
Oregon,Lake,Lake
Oregon,Lane,Lane
Oregon,Lincoln,Lincoln
Oregon,Linn,Linn
Oregon,Malheur,Malheur
Oregon,Marion,Marion
Oregon,Morrow,Morrow
Oregon,Multnomah,Multnomah
Oregon,Polk,Polk
Oregon,Sherman,Sherman
Oregon,Tillamook,Tillamook
Oregon,Umatilla,Umatilla
Oregon,Union,Union
Oregon,Wallowa,Wallowa
Oregon,Wasco,Wasco
Oregon,Washington,Washington
Oregon,Wheeler,Wheeler
Oregon,Yamhill,Yamhill
Pennsylvania,Adams,Adams
Pennsylvania,Allegheny,Allegheny
Pennsylvania,Armstrong,Armstrong
Pennsylvania,Beaver,Beaver
Pennsylvania,Bedford,Bedford
Pennsylvania,Berks,Berks
Pennsylvania,Blair,Blair
Pennsylvania,Bradford,Bradford
Pennsylvania,Bucks,Bucks
Pennsylvania,Butler,Butler
Pennsylvania,Cambria,Cambria
Pennsylvania,Cameron,Cameron
Pennsylvania,Carbon,Carbon
Pennsylvania,Centre,Centre
Pennsylvania,Chester,Chester
Pennsylvania,Clarion,Clarion
Pennsylvania,Clearfield,Clearfield
Pennsylvania,Clinton,Clinton
Pennsylvania,Columbia,Columbia
Pennsylvania,Crawford,Crawford
Pennsylvania,Cumberland,Cumberland
Pennsylvania,Dauphin,Dauphin
Pennsylvania,Delaware,Delaware
Pennsylvania,Elk,Elk
Pennsylvania,Erie,Erie
Pennsylvania,Fayette,Fayette
Pennsylvania,Forest,Forest
Pennsylvania,Franklin,Franklin
Pennsylvania,Fulton,Fulton
Pennsylvania,Greene,Greene
Pennsylvania,Huntingdon,Huntingdon
Pennsylvania,Indiana,Indiana
Pennsylvania,Jefferson,Jefferson
Pennsylvania,Juniata,Juniata
Pennsylvania,Lackawanna,Lackawanna
Pennsylvania,Lancaster,Lancaster
Pennsylvania,Lawrence,Lawrence
Pennsylvania,Lebanon,Lebanon
Pennsylvania,Lehigh,Lehigh
Pennsylvania,Luzerne,Luzerne
Pennsylvania,Lycoming,Lycoming
Pennsylvania,McKean,McKean
Pennsylvania,Mercer,Mercer
Pennsylvania,Mifflin,Mifflin
Pennsylvania,Monroe,Monroe
Pennsylvania,Montgomery,Montgomery
Pennsylvania,Montour,Montour
Pennsylvania,Northampton,Northampton
Pennsylvania,Northumberland,Northumberland
Pennsylvania,Perry,Perry
Pennsylvania,Philadelphia,Philadelphia
Pennsylvania,Pike,Pike
Pennsylvania,Potter,Potter
Pennsylvania,Schuylkill,Schuylkill
Pennsylvania,Snyder,Snyder
Pennsylvania,Somerset,Somerset
Pennsylvania,Sullivan,Sullivan
Pennsylvania,Susquehanna,Susquehanna
Pennsylvania,Tioga,Tioga
Pennsylvania,Union,Union
Pennsylvania,Venango,Venango
Pennsylvania,Warren,Warren
Pennsylvania,Washington,Washington
Pennsylvania,Wayne,Wayne
Pennsylvania,Westmoreland,Westmoreland
Pennsylvania,Wyoming,Wyoming
Pennsylvania,York,York
Rhode Island,Bristol,Bristol
Rhode Island,Kent,Kent
Rhode Island,Newport,Newport
Rhode Island,Providence,Providence
Rhode Island,Washington,Washington
South Carolina,Abbeville,Abbeville
South Carolina,Aiken,Aiken
South Carolina,Allendale,Allendale
South Carolina,Anderson,Anderson
South Carolina,Bamberg,Bamberg
South Carolina,Barnwell,Barnwell
South Carolina,Beaufort,Beaufort
South Carolina,Berkeley,Berkeley
South Carolina,Calhoun,Calhoun
South Carolina,Charleston,Charleston
South Carolina,Cherokee,Cherokee
South Carolina,Chester,Chester
South Carolina,Chesterfield,Chesterfield
South Carolina,Clarendon,Clarendon
South Carolina,Colleton,Colleton
South Carolina,Darlington,Darlington
South Carolina,Dillon,Dillon
South Carolina,Dorchester,Dorchester
South Carolina,Edgefield,Edgefield
South Carolina,Fairfield,Fairfield
South Carolina,Florence,Florence
South Carolina,Georgetown,Georgetown
South Carolina,Greenville,Greenville
South Carolina,Greenwood,Greenwood
South Carolina,Hampton,Hampton
South Carolina,Horry,Horry
South Carolina,Jasper,Jasper
South Carolina,Kershaw,Kershaw
South Carolina,Lancaster,Lancaster
South Carolina,Laurens,Laurens
South Carolina,Lee,Lee
South Carolina,Lexington,Lexington
South Carolina,Marion,Marion
South Carolina,Marlboro,Marlboro
South Carolina,McCormick,McCormick
South Carolina,Newberry,Newberry
South Carolina,Oconee,Oconee
South Carolina,Orangeburg,Orangeburg
South Carolina,Pickens,Pickens
South Carolina,Richland,Richland
South Carolina,Saluda,Saluda
South Carolina,Spartanburg,Spartanburg
South Carolina,Sumter,Sumter
South Carolina,Union,Union
South Carolina,Williamsburg,Williamsburg
South Carolina,York,York
South Dakota,Aurora,Aurora
South Dakota,Beadle,Beadle
South Dakota,Bennett,Bennett
South Dakota,Bon Homme,Bon Homme
South Dakota,Brookings,Brookings
South Dakota,Brown,Brown
South Dakota,Brule,Brule
South Dakota,Buffalo,Buffalo
South Dakota,Butte,Butte
South Dakota,Campbell,Campbell
South Dakota,Charles Mix,Charles Mix
South Dakota,Clark,Clark
South Dakota,Clay,Clay
South Dakota,Codington,Codington
South Dakota,Corson,Corson
South Dakota,Custer,Custer
South Dakota,Davison,Davison
South Dakota,Day,Day
South Dakota,Deuel,Deuel
South Dakota,Dewey,Dewey
South Dakota,Douglas,Douglas
South Dakota,Edmunds,Edmunds
South Dakota,Fall River,Fall River
South Dakota,Faulk,Faulk
South Dakota,Grant,Grant
South Dakota,Gregory,Gregory
South Dakota,Haakon,Haakon
South Dakota,Hamlin,Hamlin
South Dakota,Hand,Hand
South Dakota,Hanson,Hanson
South Dakota,Harding,Harding
South Dakota,Hughes,Hughes
South Dakota,Hutchinson,Hutchinson
South Dakota,Hyde,Hyde
South Dakota,Jackson,Jackson
South Dakota,Jerauld,Jerauld
South Dakota,Jones,Jones
South Dakota,Kingsbury,Kingsbury
South Dakota,Lake,Lake
South Dakota,Lawrence,Lawrence
South Dakota,Lincoln,Lincoln
South Dakota,Lyman,Lyman
South Dakota,Marshall,Marshall
South Dakota,McCook,McCook
South Dakota,McPherson,McPherson
South Dakota,Meade,Meade
South Dakota,Mellette,Mellette
South Dakota,Miner,Miner
South Dakota,Minnehaha,Minnehaha
South Dakota,Moody,Moody
South Dakota,Oglala Lakota,Oglala Lakota
South Dakota,Pennington,Pennington
South Dakota,Perkins,Perkins
South Dakota,Potter,Potter
South Dakota,Roberts,Roberts
South Dakota,Sanborn,Sanborn
South Dakota,Shannon,Shannon
South Dakota,Spink,Spink
South Dakota,Stanley,Stanley
South Dakota,Sully,Sully
South Dakota,Todd,Todd
South Dakota,Tripp,Tripp
South Dakota,Turner,Turner
South Dakota,Union,Union
South Dakota,Walworth,Walworth
South Dakota,Yankton,Yankton
South Dakota,Ziebach,Ziebach
Tennessee,Anderson,Anderson
Tennessee,Bedford,Bedford
Tennessee,Benton,Benton
Tennessee,Bledsoe,Bledsoe
Tennessee,Blount,Blount
Tennessee,Bradley,Bradley
Tennessee,Campbell,Campbell
Tennessee,Cannon,Cannon
Tennessee,Carroll,Carroll
Tennessee,Carter,Carter
Tennessee,Cheatham,Cheatham
Tennessee,Chester,Chester
Tennessee,Claiborne,Claiborne
Tennessee,Clay,Clay
Tennessee,Cocke,Cocke
Tennessee,Coffee,Coffee
Tennessee,Crockett,Crockett
Tennessee,Cumberland,Cumberland
Tennessee,Davidson,Davidson
Tennessee,Decatur,Decatur
Tennessee,Dekalb,DeKalb
Tennessee,Dickson,Dickson
Tennessee,Dyer,Dyer
Tennessee,Fayette,Fayette
Tennessee,Fentress,Fentress
Tennessee,Franklin,Franklin
Tennessee,Gibson,Gibson
Tennessee,Giles,Giles
Tennessee,Grainger,Grainger
Tennessee,Greene,Greene
Tennessee,Grundy,Grundy
Tennessee,Hamblen,Hamblen
Tennessee,Hamilton,Hamilton
Tennessee,Hancock,Hancock
Tennessee,Hardeman,Hardeman
Tennessee,Hardin,Hardin
Tennessee,Hawkins,Hawkins
Tennessee,Haywood,Haywood
Tennessee,Henderson,Henderson
Tennessee,Henry,Henry
Tennessee,Hickman,Hickman
Tennessee,Houston,Houston
Tennessee,Humphreys,Humphreys
Tennessee,Jackson,Jackson
Tennessee,Jefferson,Jefferson
Tennessee,Johnson,Johnson
Tennessee,Knox,Knox
Tennessee,Lake,Lake
Tennessee,Lauderdale,Lauderdale
Tennessee,Lawrence,Lawrence
Tennessee,Lewis,Lewis
Tennessee,Lincoln,Lincoln
Tennessee,Loudon,Loudon
Tennessee,Macon,Macon
Tennessee,Madison,Madison
Tennessee,Marion,Marion
Tennessee,Marshall,Marshall
Tennessee,Maury,Maury
Tennessee,McMinn,McMinn
Tennessee,McNairy,McNairy
Tennessee,Meigs,Meigs
Tennessee,Monroe,Monroe
Tennessee,Montgomery,Montgomery
Tennessee,Moore,Moore
Tennessee,Morgan,Morgan
Tennessee,Obion,Obion
Tennessee,Overton,Overton
Tennessee,Perry,Perry
Tennessee,Pickett,Pickett
Tennessee,Polk,Polk
Tennessee,Putnam,Putnam
Tennessee,Rhea,Rhea
Tennessee,Roane,Roane
Tennessee,Robertson,Robertson
Tennessee,Rutherford,Rutherford
Tennessee,Scott,Scott
Tennessee,Sequatchie,Sequatchie
Tennessee,Sevier,Sevier
Tennessee,Shelby,Shelby
Tennessee,Smith,Smith
Tennessee,Stewart,Stewart
Tennessee,Sullivan,Sullivan
Tennessee,Sumner,Sumner
Tennessee,Tipton,Tipton
Tennessee,Trousdale,Trousdale
Tennessee,Unicoi,Unicoi
Tennessee,Union,Union
Tennessee,Van Buren,Van Buren
Tennessee,Warren,Warren
Tennessee,Washington,Washington
Tennessee,Wayne,Wayne
Tennessee,Weakley,Weakley
Tennessee,White,White
Tennessee,Williamson,Williamson
Tennessee,Wilson,Wilson
Texas,Anderson,Anderson
Texas,Andrews,Andrews
Texas,Angelina,Angelina
Texas,Aransas,Aransas
Texas,Archer,Archer
Texas,Armstrong,Armstrong
Texas,Atascosa,Atascosa
Texas,Austin,Austin
Texas,Bailey,Bailey
Texas,Bandera,Bandera
Texas,Bastrop,Bastrop
Texas,Baylor,Baylor
Texas,Bee,Bee
Texas,Bell,Bell
Texas,Bexar,Bexar
Texas,Blanco,Blanco
Texas,Borden,Borden
Texas,Bosque,Bosque
Texas,Bowie,Bowie
Texas,Brazoria,Brazoria
Texas,Brazos,Brazos
Texas,Brewster,Brewster
Texas,Briscoe,Briscoe
Texas,Brooks,Brooks
Texas,Brown,Brown
Texas,Burleson,Burleson
Texas,Burnet,Burnet
Texas,Caldwell,Caldwell
Texas,Calhoun,Calhoun
Texas,Callahan,Callahan
Texas,Cameron,Cameron
Texas,Camp,Camp
Texas,Carson,Carson
Texas,Cass,Cass
Texas,Castro,Castro
Texas,Chambers,Chambers
Texas,Cherokee,Cherokee
Texas,Childress,Childress
Texas,Clay,Clay
Texas,Cochran,Cochran
Texas,Coke,Coke
Texas,Coleman,Coleman
Texas,Collin,Collin
Texas,Collingsworth,Collingsworth
Texas,Colorado,Colorado
Texas,Comal,Comal
Texas,Comanche,Comanche
Texas,Concho,Concho
Texas,Cooke,Cooke
Texas,Coryell,Coryell
Texas,Cottle,Cottle
Texas,Crane,Crane
Texas,Crockett,Crockett
Texas,Crosby,Crosby
Texas,Culberson,Culberson
Texas,Dallam,Dallam
Texas,Dallas,Dallas
Texas,Dawson,Dawson
Texas,De Witt,DeWitt
Texas,Deaf Smith,Deaf Smith
Texas,Delta,Delta
Texas,Denton,Denton
Texas,Dickens,Dickens
Texas,Dimmit,Dimmit
Texas,Donley,Donley
Texas,Duval,Duval
Texas,Eastland,Eastland
Texas,Ector,Ector
Texas,Edwards,Edwards
Texas,El Paso,El Paso
Texas,Ellis,Ellis
Texas,Erath,Erath
Texas,Falls,Falls
Texas,Fannin,Fannin
Texas,Fayette,Fayette
Texas,Fisher,Fisher
Texas,Floyd,Floyd
Texas,Foard,Foard
Texas,Fort Bend,Fort Bend
Texas,Franklin,Franklin
Texas,Freestone,Freestone
Texas,Frio,Frio
Texas,Gaines,Gaines
Texas,Galveston,Galveston
Texas,Garza,Garza
Texas,Gillespie,Gillespie
Texas,Glasscock,Glasscock
Texas,Goliad,Goliad
Texas,Gonzales,Gonzales
Texas,Gray,Gray
Texas,Grayson,Grayson
Texas,Gregg,Gregg
Texas,Grimes,Grimes
Texas,Guadalupe,Guadalupe
Texas,Hale,Hale
Texas,Hall,Hall
Texas,Hamilton,Hamilton
Texas,Hansford,Hansford
Texas,Hardeman,Hardeman
Texas,Hardin,Hardin
Texas,Harris,Harris
Texas,Harrison,Harrison
Texas,Hartley,Hartley
Texas,Haskell,Haskell
Texas,Hays,Hays
Texas,Hemphill,Hemphill
Texas,Henderson,Henderson
Texas,Hidalgo,Hidalgo
Texas,Hill,Hill
Texas,Hockley,Hockley
Texas,Hood,Hood
Texas,Hopkins,Hopkins
Texas,Houston,Houston
Texas,Howard,Howard
Texas,Hudspeth,Hudspeth
Texas,Hunt,Hunt
Texas,Hutchinson,Hutchinson
Texas,Irion,Irion
Texas,Jack,Jack
Texas,Jackson,Jackson
Texas,Jasper,Jasper
Texas,Jeff Davis,Jeff Davis
Texas,Jefferson,Jefferson
Texas,Jim Hogg,Jim Hogg
Texas,Jim Wells,Jim Wells
Texas,Johnson,Johnson
Texas,Jones,Jones
Texas,Karnes,Karnes
Texas,Kaufman,Kaufman
Texas,Kendall,Kendall
Texas,Kenedy,Kenedy
Texas,Kent,Kent
Texas,Kerr,Kerr
Texas,Kimble,Kimble
Texas,King,King
Texas,Kinney,Kinney
Texas,Kleberg,Kleberg
Texas,Knox,Knox
Texas,La Salle,La Salle
Texas,Lamar,Lamar
Texas,Lamb,Lamb
Texas,Lampasas,Lampasas
Texas,Lavaca,Lavaca
Texas,Lee,Lee
Texas,Leon,Leon
Texas,Liberty,Liberty
Texas,Limestone,Limestone
Texas,Lipscomb,Lipscomb
Texas,Live Oak,Live Oak
Texas,Llano,Llano
Texas,Loving,Loving
Texas,Lubbock,Lubbock
Texas,Lynn,Lynn
Texas,Madison,Madison
Texas,Marion,Marion
Texas,Martin,Martin
Texas,Mason,Mason
Texas,Matagorda,Matagorda
Texas,Maverick,Maverick
Texas,McCulloch,McCulloch
Texas,McLennan,McLennan
Texas,McMullen,McMullen
Texas,Medina,Medina
Texas,Menard,Menard
Texas,Midland,Midland
Texas,Milam,Milam
Texas,Mills,Mills
Texas,Mitchell,Mitchell
Texas,Montague,Montague
Texas,Montgomery,Montgomery
Texas,Moore,Moore
Texas,Morris,Morris
Texas,Motley,Motley
Texas,Nacogdoches,Nacogdoches
Texas,Navarro,Navarro
Texas,Newton,Newton
Texas,Nolan,Nolan
Texas,Nueces,Nueces
Texas,Ochiltree,Ochiltree
Texas,Oldham,Oldham
Texas,Orange,Orange
Texas,Palo Pinto,Palo Pinto
Texas,Panola,Panola
Texas,Parker,Parker
Texas,Parmer,Parmer
Texas,Pecos,Pecos
Texas,Polk,Polk
Texas,Potter,Potter
Texas,Presidio,Presidio
Texas,Rains,Rains
Texas,Randall,Randall
Texas,Reagan,Reagan
Texas,Real,Real
Texas,Red River,Red River
Texas,Reeves,Reeves
Texas,Refugio,Refugio
Texas,Roberts,Roberts
Texas,Robertson,Robertson
Texas,Rockwall,Rockwall
Texas,Runnels,Runnels
Texas,Rusk,Rusk
Texas,Sabine,Sabine
Texas,San Augustine,San Augustine
Texas,San Jacinto,San Jacinto
Texas,San Patricio,San Patricio
Texas,San Saba,San Saba
Texas,Schleicher,Schleicher
Texas,Scurry,Scurry
Texas,Shackelford,Shackelford
Texas,Shelby,Shelby
Texas,Sherman,Sherman
Texas,Smith,Smith
Texas,Somervell,Somervell
Texas,Starr,Starr
Texas,Stephens,Stephens
Texas,Sterling,Sterling
Texas,Stonewall,Stonewall
Texas,Sutton,Sutton
Texas,Swisher,Swisher
Texas,Tarrant,Tarrant
Texas,Taylor,Taylor
Texas,Terrell,Terrell
Texas,Terry,Terry
Texas,Throckmorton,Throckmorton
Texas,Titus,Titus
Texas,Tom Green,Tom Green
Texas,Travis,Travis
Texas,Trinity,Trinity
Texas,Tyler,Tyler
Texas,Upshur,Upshur
Texas,Upton,Upton
Texas,Uvalde,Uvalde
Texas,Val Verde,Val Verde
Texas,Van Zandt,Van Zandt
Texas,Victoria,Victoria
Texas,Walker,Walker
Texas,Waller,Waller
Texas,Ward,Ward
Texas,Washington,Washington
Texas,Webb,Webb
Texas,Wharton,Wharton
Texas,Wheeler,Wheeler
Texas,Wichita,Wichita
Texas,Wilbarger,Wilbarger
Texas,Willacy,Willacy
Texas,Williamson,Williamson
Texas,Wilson,Wilson
Texas,Winkler,Winkler
Texas,Wise,Wise
Texas,Wood,Wood
Texas,Yoakum,Yoakum
Texas,Young,Young
Texas,Zapata,Zapata
Texas,Zavala,Zavala
Utah,Beaver,Beaver
Utah,Box Elder,Box Elder
Utah,Cache,Cache
Utah,Carbon,Carbon
Utah,Daggett,Daggett
Utah,Davis,Davis
Utah,Duchesne,Duchesne
Utah,Emery,Emery
Utah,Garfield,Garfield
Utah,Grand,Grand
Utah,Iron,Iron
Utah,Juab,Juab
Utah,Kane,Kane
Utah,Millard,Millard
Utah,Morgan,Morgan
Utah,Piute,Piute
Utah,Rich,Rich
Utah,Salt Lake,Salt Lake
Utah,San Juan,San Juan
Utah,Sanpete,Sanpete
Utah,Sevier,Sevier
Utah,Summit,Summit
Utah,Tooele,Tooele
Utah,Uintah,Uintah
Utah,Utah,Utah
Utah,Wasatch,Wasatch
Utah,Washington,Washington
Utah,Wayne,Wayne
Utah,Weber,Weber
Virginia,Accomack,Accomack
Virginia,Albemarle,Albemarle
Virginia,Alexandria City,Alexandria City
Virginia,Alleghany,Alleghany
Virginia,Amelia,Amelia
Virginia,Amherst,Amherst
Virginia,Appomattox,Appomattox
Virginia,Arlington,Arlington
Virginia,Augusta,Augusta
Virginia,Bath,Bath
Virginia,Bedford,Bedford
Virginia,Bedford City,Bedford City
Virginia,Bland,Bland
Virginia,Botetourt,Botetourt
Virginia,Bristol,Bristol City
Virginia,Brunswick,Brunswick
Virginia,Buchanan,Buchanan
Virginia,Buckingham,Buckingham
Virginia,Buena Vista City,Buena Vista City
Virginia,Campbell,Campbell
Virginia,Caroline,Caroline
Virginia,Carroll,Carroll
Virginia,Charles City,Charles City
Virginia,Charlotte,Charlotte
Virginia,Charlottesville City,Charlottesville City
Virginia,Chesapeake City,Chesapeake City
Virginia,Chesterfield,Chesterfield
Virginia,Clarke,Clarke
Virginia,Clifton Forge City,Clifton Forge City
Virginia,Colonial Heights City,Colonial Heights City
Virginia,Covington City,Covington City
Virginia,Craig,Craig
Virginia,Culpeper,Culpeper
Virginia,Cumberland,Cumberland
Virginia,Danville City,Danville City
Virginia,Dickenson,Dickenson
Virginia,Dinwiddie,Dinwiddie
Virginia,Emporia City,Emporia City
Virginia,Essex,Essex
Virginia,Fairfax,Fairfax
Virginia,Fairfax City,Fairfax City
Virginia,Falls Church City,Falls Church City
Virginia,Fauquier,Fauquier
Virginia,Floyd,Floyd
Virginia,Fluvanna,Fluvanna
Virginia,Franklin,Franklin
Virginia,Franklin City,Franklin City
Virginia,Frederick,Frederick
Virginia,Fredericksburg City,Fredericksburg City
Virginia,Galax City,Galax City
Virginia,Giles,Giles
Virginia,Gloucester,Gloucester
Virginia,Goochland,Goochland
Virginia,Grayson,Grayson
Virginia,Greene,Greene
Virginia,Greensville,Greensville
Virginia,Halifax,Halifax
Virginia,Hampton City,Hampton City
Virginia,Hanover,Hanover
Virginia,Harrisonburg City,Harrisonburg City
Virginia,Henrico,Henrico
Virginia,Henry,Henry
Virginia,Highland,Highland
Virginia,Hopewell City,Hopewell City
Virginia,Isle of Wight,Isle of Wight
Virginia,James City,James City
Virginia,King and Queen,King and Queen
Virginia,King George,King George
Virginia,King William,King William
Virginia,Lancaster,Lancaster
Virginia,Lee,Lee
Virginia,Lexington City,Lexington City
Virginia,Loudoun,Loudoun
Virginia,Louisa,Louisa
Virginia,Lunenburg,Lunenburg
Virginia,Lynchburg City,Lynchburg City
Virginia,Madison,Madison
Virginia,Manassas City,Manassas City
Virginia,Manassas Park City,Manassas Park City
Virginia,Martinsville City,Martinsville City
Virginia,Mathews,Mathews
Virginia,Mecklenburg,Mecklenburg
Virginia,Middlesex,Middlesex
Virginia,Montgomery,Montgomery
Virginia,Nelson,Nelson
Virginia,New Kent,New Kent
Virginia,Newport News City,Newport News City
Virginia,Norfolk City,Norfolk City
Virginia,Northampton,Northampton
Virginia,Northumberland,Northumberland
Virginia,Norton City,Norton City
Virginia,Nottoway,Nottoway
Virginia,Orange,Orange
Virginia,Page,Page
Virginia,Patrick,Patrick
Virginia,Petersburg City,Petersburg City
Virginia,Pittsylvania,Pittsylvania
Virginia,Poquoson City,Poquoson City
Virginia,Portsmouth City,Portsmouth City
Virginia,Powhatan,Powhatan
Virginia,Prince Edward,Prince Edward
Virginia,Prince George,Prince George
Virginia,Prince William,Prince William
Virginia,Pulaski,Pulaski
Virginia,Radford City,Radford City
Virginia,Rappahannock,Rappahannock
Virginia,Richmond,Richmond
Virginia,Richmond City,Richmond City
Virginia,Roanoke,Roanoke
Virginia,Roanoke City,Roanoke City
Virginia,Rockbridge,Rockbridge
Virginia,Rockingham,Rockingham
Virginia,Russell,Russell
Virginia,Salem,Salem City
Virginia,Scott,Scott
Virginia,Shenandoah,Shenandoah
Virginia,Smyth,Smyth
Virginia,Southampton,Southampton
Virginia,Spotsylvania,Spotsylvania
Virginia,Stafford,Stafford
Virginia,Staunton City,Staunton City
Virginia,Suffolk City,Suffolk City
Virginia,Surry,Surry
Virginia,Sussex,Sussex
Virginia,Tazewell,Tazewell
Virginia,Virginia Beach City,Virginia Beach City
Virginia,Warren,Warren
Virginia,Washington,Washington
Virginia,Waynesboro City,Waynesboro City
Virginia,Westmoreland,Westmoreland
Virginia,Williamsburg City,Williamsburg City
Virginia,Winchester City,Winchester City
Virginia,Wise,Wise
Virginia,Wythe,Wythe
Virginia,York,York
Vermont,Addison,Addison
Vermont,Bennington,Bennington
Vermont,Caledonia,Caledonia
Vermont,Chittenden,Chittenden
Vermont,Essex,Essex
Vermont,Franklin,Franklin
Vermont,Grand Isle,Grand Isle
Vermont,Lamoille,Lamoille
Vermont,Orange,Orange
Vermont,Orleans,Orleans
Vermont,Rutland,Rutland
Vermont,Washington,Washington
Vermont,Windham,Windham
Vermont,Windsor,Windsor
Washington,Adams,Adams
Washington,Asotin,Asotin
Washington,Benton,Benton
Washington,Chelan,Chelan
Washington,Clallam,Clallam
Washington,Clark,Clark
Washington,Columbia,Columbia
Washington,Cowlitz,Cowlitz
Washington,Douglas,Douglas
Washington,Ferry,Ferry
Washington,Franklin,Franklin
Washington,Garfield,Garfield
Washington,Grant,Grant
Washington,Grays Harbor,Grays Harbor
Washington,Island,Island
Washington,Jefferson,Jefferson
Washington,King,King
Washington,Kitsap,Kitsap
Washington,Kittitas,Kittitas
Washington,Klickitat,Klickitat
Washington,Lewis,Lewis
Washington,Lincoln,Lincoln
Washington,Mason,Mason
Washington,Okanogan,Okanogan
Washington,Pacific,Pacific
Washington,Pend Oreille,Pend Oreille
Washington,Pierce,Pierce
Washington,San Juan,San Juan
Washington,Skagit,Skagit
Washington,Skamania,Skamania
Washington,Snohomish,Snohomish
Washington,Spokane,Spokane
Washington,Stevens,Stevens
Washington,Thurston,Thurston
Washington,Wahkiakum,Wahkiakum
Washington,Walla Walla,Walla Walla
Washington,Whatcom,Whatcom
Washington,Whitman,Whitman
Washington,Yakima,Yakima
Wisconsin,Adams,Adams
Wisconsin,Ashland,Ashland
Wisconsin,Barron,Barron
Wisconsin,Bayfield,Bayfield
Wisconsin,Brown,Brown
Wisconsin,Buffalo,Buffalo
Wisconsin,Burnett,Burnett
Wisconsin,Calumet,Calumet
Wisconsin,Chippewa,Chippewa
Wisconsin,Clark,Clark
Wisconsin,Columbia,Columbia
Wisconsin,Crawford,Crawford
Wisconsin,Dane,Dane
Wisconsin,Dodge,Dodge
Wisconsin,Door,Door
Wisconsin,Douglas,Douglas
Wisconsin,Dunn,Dunn
Wisconsin,Eau Claire,Eau Claire
Wisconsin,Florence,Florence
Wisconsin,Fond du Lac,Fond du Lac
Wisconsin,Forest,Forest
Wisconsin,Grant,Grant
Wisconsin,Green,Green
Wisconsin,Green Lake,Green Lake
Wisconsin,Iowa,Iowa
Wisconsin,Iron,Iron
Wisconsin,Jackson,Jackson
Wisconsin,Jefferson,Jefferson
Wisconsin,Juneau,Juneau
Wisconsin,Kenosha,Kenosha
Wisconsin,Kewaunee,Kewaunee
Wisconsin,La Crosse,La Crosse
Wisconsin,Lafayette,Lafayette
Wisconsin,Langlade,Langlade
Wisconsin,Lincoln,Lincoln
Wisconsin,Manitowoc,Manitowoc
Wisconsin,Marathon,Marathon
Wisconsin,Marinette,Marinette
Wisconsin,Marquette,Marquette
Wisconsin,Menominee,Menominee
Wisconsin,Milwaukee,Milwaukee
Wisconsin,Monroe,Monroe
Wisconsin,Oconto,Oconto
Wisconsin,Oneida,Oneida
Wisconsin,Outagamie,Outagamie
Wisconsin,Ozaukee,Ozaukee
Wisconsin,Pepin,Pepin
Wisconsin,Pierce,Pierce
Wisconsin,Polk,Polk
Wisconsin,Portage,Portage
Wisconsin,Price,Price
Wisconsin,Racine,Racine
Wisconsin,Richland,Richland
Wisconsin,Rock,Rock
Wisconsin,Rusk,Rusk
Wisconsin,Saint Croix,St. Croix
Wisconsin,Sauk,Sauk
Wisconsin,Sawyer,Sawyer
Wisconsin,Shawano,Shawano
Wisconsin,Sheboygan,Sheboygan
Wisconsin,Taylor,Taylor
Wisconsin,Trempealeau,Trempealeau
Wisconsin,Vernon,Vernon
Wisconsin,Vilas,Vilas
Wisconsin,Walworth,Walworth
Wisconsin,Washburn,Washburn
Wisconsin,Washington,Washington
Wisconsin,Waukesha,Waukesha
Wisconsin,Waupaca,Waupaca
Wisconsin,Waushara,Waushara
Wisconsin,Winnebago,Winnebago
Wisconsin,Wood,Wood
West Virginia,Barbour,Barbour
West Virginia,Berkeley,Berkeley
West Virginia,Boone,Boone
West Virginia,Braxton,Braxton
West Virginia,Brooke,Brooke
West Virginia,Cabell,Cabell
West Virginia,Calhoun,Calhoun
West Virginia,Clay,Clay
West Virginia,Doddridge,Doddridge
West Virginia,Fayette,Fayette
West Virginia,Gilmer,Gilmer
West Virginia,Grant,Grant
West Virginia,Greenbrier,Greenbrier
West Virginia,Hampshire,Hampshire
West Virginia,Hancock,Hancock
West Virginia,Hardy,Hardy
West Virginia,Harrison,Harrison
West Virginia,Jackson,Jackson
West Virginia,Jefferson,Jefferson
West Virginia,Kanawha,Kanawha
West Virginia,Lewis,Lewis
West Virginia,Lincoln,Lincoln
West Virginia,Logan,Logan
West Virginia,Marion,Marion
West Virginia,Marshall,Marshall
West Virginia,Mason,Mason
West Virginia,McDowell,McDowell
West Virginia,Mercer,Mercer
West Virginia,Mineral,Mineral
West Virginia,Mingo,Mingo
West Virginia,Monongalia,Monongalia
West Virginia,Monroe,Monroe
West Virginia,Morgan,Morgan
West Virginia,Nicholas,Nicholas
West Virginia,Ohio,Ohio
West Virginia,Pendleton,Pendleton
West Virginia,Pleasants,Pleasants
West Virginia,Pocahontas,Pocahontas
West Virginia,Preston,Preston
West Virginia,Putnam,Putnam
West Virginia,Raleigh,Raleigh
West Virginia,Randolph,Randolph
West Virginia,Ritchie,Ritchie
West Virginia,Roane,Roane
West Virginia,Summers,Summers
West Virginia,Taylor,Taylor
West Virginia,Tucker,Tucker
West Virginia,Tyler,Tyler
West Virginia,Upshur,Upshur
West Virginia,Wayne,Wayne
West Virginia,Webster,Webster
West Virginia,Wetzel,Wetzel
West Virginia,Wirt,Wirt
West Virginia,Wood,Wood
West Virginia,Wyoming,Wyoming
Wyoming,Albany,Albany
Wyoming,Big Horn,Big Horn
Wyoming,Campbell,Campbell
Wyoming,Carbon,Carbon
Wyoming,Converse,Converse
Wyoming,Crook,Crook
Wyoming,Fremont,Fremont
Wyoming,Goshen,Goshen
Wyoming,Hot Springs,Hot Springs
Wyoming,Johnson,Johnson
Wyoming,Laramie,Laramie
Wyoming,Lincoln,Lincoln
Wyoming,Natrona,Natrona
Wyoming,Niobrara,Niobrara
Wyoming,Park,Park
Wyoming,Platte,Platte
Wyoming,Sheridan,Sheridan
Wyoming,Sublette,Sublette
Wyoming,Sweetwater,Sweetwater
Wyoming,Teton,Teton
Wyoming,Uinta,Uinta
Wyoming,Washakie,Washakie
Wyoming,Weston,Weston